labels,source,path
male_fear,CREMA,/Users/naokitakatani/Documents/datasets/CREMA-D/1050_IEO_FEA_LO.wav
female_neutral,RAVDESS,/Users/naokitakatani/Documents/datasets/RAVDESS/Actor_16/03-01-02-02-02-02-16.wav
male_happy,CREMA,/Users/naokitakatani/Documents/datasets/CREMA-D/1005_IOM_HAP_XX.wav
female_fear,CREMA,/Users/naokitakatani/Documents/datasets/CREMA-D/1052_TIE_FEA_XX.wav
male_fear,CREMA,/Users/naokitakatani/Documents/datasets/CREMA-D/1041_TIE_FEA_XX.wav
male_sad,CREMA,/Users/naokitakatani/Documents/datasets/CREMA-D/1017_TIE_SAD_XX.wav
male_happy,CREMA,/Users/naokitakatani/Documents/datasets/CREMA-D/1038_IEO_HAP_HI.wav
female_sad,CREMA,/Users/naokitakatani/Documents/datasets/CREMA-D/1082_ITH_SAD_XX.wav
female_sad,TESS,/Users/naokitakatani/Documents/datasets/TESS/YAF_sad/YAF_kick_sad.wav
male_surprise,RAVDESS,/Users/naokitakatani/Documents/datasets/RAVDESS/Actor_15/03-01-08-01-02-02-15.wav
female_disgust,CREMA,/Users/naokitakatani/Documents/datasets/CREMA-D/1002_IOM_DIS_XX.wav
male_fear,CREMA,/Users/naokitakatani/Documents/datasets/CREMA-D/1067_TSI_FEA_XX.wav
female_happy,RAVDESS,/Users/naokitakatani/Documents/datasets/RAVDESS/Actor_20/03-01-03-02-02-02-20.wav
male_sad,CREMA,/Users/naokitakatani/Documents/datasets/CREMA-D/1042_IOM_SAD_XX.wav
male_neutral,CREMA,/Users/naokitakatani/Documents/datasets/CREMA-D/1019_ITS_NEU_XX.wav
male_fear,SAVEE,/Users/naokitakatani/Documents/datasets/SAVEE/JK_f12.wav
female_fear,CREMA,/Users/naokitakatani/Documents/datasets/CREMA-D/1021_ITS_FEA_XX.wav
female_disgust,CREMA,/Users/naokitakatani/Documents/datasets/CREMA-D/1046_IOM_DIS_XX.wav
female_neutral,CREMA,/Users/naokitakatani/Documents/datasets/CREMA-D/1073_DFA_NEU_XX.wav
female_angry,TESS,/Users/naokitakatani/Documents/datasets/TESS/OAF_angry/OAF_home_angry.wav
female_sad,TESS,/Users/naokitakatani/Documents/datasets/TESS/YAF_sad/YAF_love_sad.wav
male_disgust,CREMA,/Users/naokitakatani/Documents/datasets/CREMA-D/1064_IWL_DIS_XX.wav
female_fear,CREMA,/Users/naokitakatani/Documents/datasets/CREMA-D/1006_IEO_FEA_MD.wav
male_disgust,CREMA,/Users/naokitakatani/Documents/datasets/CREMA-D/1015_ITH_DIS_XX.wav
male_fear,RAVDESS,/Users/naokitakatani/Documents/datasets/RAVDESS/Actor_11/03-01-06-01-01-02-11.wav
male_happy,CREMA,/Users/naokitakatani/Documents/datasets/CREMA-D/1011_TSI_HAP_XX.wav
male_sad,SAVEE,/Users/naokitakatani/Documents/datasets/SAVEE/DC_sa07.wav
female_sad,TESS,/Users/naokitakatani/Documents/datasets/TESS/OAF_Sad/OAF_shirt_sad.wav
female_disgust,CREMA,/Users/naokitakatani/Documents/datasets/CREMA-D/1024_ITH_DIS_XX.wav
female_disgust,CREMA,/Users/naokitakatani/Documents/datasets/CREMA-D/1008_TSI_DIS_XX.wav
male_disgust,CREMA,/Users/naokitakatani/Documents/datasets/CREMA-D/1034_MTI_DIS_XX.wav
female_happy,CREMA,/Users/naokitakatani/Documents/datasets/CREMA-D/1018_IEO_HAP_LO.wav
male_happy,RAVDESS,/Users/naokitakatani/Documents/datasets/RAVDESS/Actor_21/03-01-03-02-01-01-21.wav
female_sad,CREMA,/Users/naokitakatani/Documents/datasets/CREMA-D/1084_IEO_SAD_LO.wav
female_neutral,RAVDESS,/Users/naokitakatani/Documents/datasets/RAVDESS/Actor_08/03-01-01-01-02-02-08.wav
female_sad,TESS,/Users/naokitakatani/Documents/datasets/TESS/YAF_sad/YAF_cool_sad.wav
female_neutral,CREMA,/Users/naokitakatani/Documents/datasets/CREMA-D/1074_IOM_NEU_XX.wav
female_surprise,TESS,/Users/naokitakatani/Documents/datasets/TESS/YAF_pleasant_surprised/YAF_pain_ps.wav
female_disgust,TESS,/Users/naokitakatani/Documents/datasets/TESS/OAF_disgust/OAF_pass_disgust.wav
male_neutral,CREMA,/Users/naokitakatani/Documents/datasets/CREMA-D/1016_ITH_NEU_XX.wav
male_sad,SAVEE,/Users/naokitakatani/Documents/datasets/SAVEE/KL_sa08.wav
female_sad,CREMA,/Users/naokitakatani/Documents/datasets/CREMA-D/1046_IEO_SAD_MD.wav
male_happy,CREMA,/Users/naokitakatani/Documents/datasets/CREMA-D/1017_ITS_HAP_XX.wav
female_neutral,TESS,/Users/naokitakatani/Documents/datasets/TESS/YAF_neutral/YAF_calm_neutral.wav
female_neutral,TESS,/Users/naokitakatani/Documents/datasets/TESS/YAF_neutral/YAF_dab_neutral.wav
female_surprise,TESS,/Users/naokitakatani/Documents/datasets/TESS/OAF_Pleasant_surprise/OAF_pick_ps.wav
female_neutral,RAVDESS,/Users/naokitakatani/Documents/datasets/RAVDESS/Actor_20/03-01-02-01-02-01-20.wav
male_fear,CREMA,/Users/naokitakatani/Documents/datasets/CREMA-D/1064_IEO_FEA_HI.wav
female_fear,TESS,/Users/naokitakatani/Documents/datasets/TESS/OAF_Fear/OAF_death_fear.wav
male_disgust,CREMA,/Users/naokitakatani/Documents/datasets/CREMA-D/1059_TSI_DIS_XX.wav
female_sad,CREMA,/Users/naokitakatani/Documents/datasets/CREMA-D/1029_TAI_SAD_XX.wav
male_sad,RAVDESS,/Users/naokitakatani/Documents/datasets/RAVDESS/Actor_11/03-01-04-02-02-01-11.wav
male_angry,CREMA,/Users/naokitakatani/Documents/datasets/CREMA-D/1027_DFA_ANG_XX.wav
male_happy,RAVDESS,/Users/naokitakatani/Documents/datasets/RAVDESS/Actor_15/03-01-03-02-01-01-15.wav
female_surprise,TESS,/Users/naokitakatani/Documents/datasets/TESS/YAF_pleasant_surprised/YAF_puff_ps.wav
male_sad,CREMA,/Users/naokitakatani/Documents/datasets/CREMA-D/1086_IWL_SAD_XX.wav
female_neutral,TESS,/Users/naokitakatani/Documents/datasets/TESS/OAF_neutral/OAF_bean_neutral.wav
female_sad,RAVDESS,/Users/naokitakatani/Documents/datasets/RAVDESS/Actor_08/03-01-04-01-01-01-08.wav
male_disgust,CREMA,/Users/naokitakatani/Documents/datasets/CREMA-D/1087_ITS_DIS_XX.wav
female_angry,RAVDESS,/Users/naokitakatani/Documents/datasets/RAVDESS/Actor_14/03-01-05-01-02-02-14.wav
female_disgust,TESS,/Users/naokitakatani/Documents/datasets/TESS/YAF_disgust/YAF_mill_disgust.wav
female_neutral,TESS,/Users/naokitakatani/Documents/datasets/TESS/YAF_neutral/YAF_long_neutral.wav
male_surprise,SAVEE,/Users/naokitakatani/Documents/datasets/SAVEE/JK_su15.wav
male_disgust,SAVEE,/Users/naokitakatani/Documents/datasets/SAVEE/JK_d09.wav
male_disgust,CREMA,/Users/naokitakatani/Documents/datasets/CREMA-D/1062_TSI_DIS_XX.wav
female_happy,TESS,/Users/naokitakatani/Documents/datasets/TESS/YAF_happy/YAF_pass_happy.wav
male_happy,CREMA,/Users/naokitakatani/Documents/datasets/CREMA-D/1086_ITH_HAP_XX.wav
female_sad,CREMA,/Users/naokitakatani/Documents/datasets/CREMA-D/1074_TIE_SAD_XX.wav
male_disgust,CREMA,/Users/naokitakatani/Documents/datasets/CREMA-D/1001_IWL_DIS_XX.wav
male_sad,RAVDESS,/Users/naokitakatani/Documents/datasets/RAVDESS/Actor_07/03-01-04-02-01-02-07.wav
female_happy,RAVDESS,/Users/naokitakatani/Documents/datasets/RAVDESS/Actor_06/03-01-03-02-02-01-06.wav
male_disgust,CREMA,/Users/naokitakatani/Documents/datasets/CREMA-D/1065_IOM_DIS_XX.wav
female_sad,CREMA,/Users/naokitakatani/Documents/datasets/CREMA-D/1063_ITS_SAD_XX.wav
male_happy,CREMA,/Users/naokitakatani/Documents/datasets/CREMA-D/1051_TAI_HAP_XX.wav
female_sad,TESS,/Users/naokitakatani/Documents/datasets/TESS/YAF_sad/YAF_cheek_sad.wav
female_angry,TESS,/Users/naokitakatani/Documents/datasets/TESS/OAF_angry/OAF_raise_angry.wav
female_angry,TESS,/Users/naokitakatani/Documents/datasets/TESS/OAF_angry/OAF_rat_angry.wav
male_neutral,SAVEE,/Users/naokitakatani/Documents/datasets/SAVEE/JE_n24.wav
female_fear,CREMA,/Users/naokitakatani/Documents/datasets/CREMA-D/1009_ITH_FEA_XX.wav
female_surprise,TESS,/Users/naokitakatani/Documents/datasets/TESS/OAF_Pleasant_surprise/OAF_vine_ps.wav
female_happy,TESS,/Users/naokitakatani/Documents/datasets/TESS/OAF_happy/OAF_mouse_happy.wav
female_disgust,TESS,/Users/naokitakatani/Documents/datasets/TESS/YAF_disgust/YAF_road_disgust.wav
male_sad,RAVDESS,/Users/naokitakatani/Documents/datasets/RAVDESS/Actor_23/03-01-04-02-01-01-23.wav
female_angry,CREMA,/Users/naokitakatani/Documents/datasets/CREMA-D/1053_TSI_ANG_XX.wav
female_disgust,CREMA,/Users/naokitakatani/Documents/datasets/CREMA-D/1052_IEO_DIS_HI.wav
female_fear,TESS,/Users/naokitakatani/Documents/datasets/TESS/YAF_fear/YAF_mess_fear.wav
female_happy,TESS,/Users/naokitakatani/Documents/datasets/TESS/OAF_happy/OAF_pad_happy.wav
male_angry,CREMA,/Users/naokitakatani/Documents/datasets/CREMA-D/1041_ITS_ANG_XX.wav
female_disgust,TESS,/Users/naokitakatani/Documents/datasets/TESS/OAF_disgust/OAF_fit_disgust.wav
female_happy,CREMA,/Users/naokitakatani/Documents/datasets/CREMA-D/1060_IWL_HAP_XX.wav
female_neutral,RAVDESS,/Users/naokitakatani/Documents/datasets/RAVDESS/Actor_18/03-01-02-02-01-01-18.wav
female_angry,CREMA,/Users/naokitakatani/Documents/datasets/CREMA-D/1049_IWL_ANG_XX.wav
male_sad,CREMA,/Users/naokitakatani/Documents/datasets/CREMA-D/1071_IOM_SAD_XX.wav
female_fear,TESS,/Users/naokitakatani/Documents/datasets/TESS/OAF_Fear/OAF_pad_fear.wav
female_angry,TESS,/Users/naokitakatani/Documents/datasets/TESS/YAF_angry/YAF_dab_angry.wav
female_fear,CREMA,/Users/naokitakatani/Documents/datasets/CREMA-D/1028_IEO_FEA_HI.wav
male_neutral,CREMA,/Users/naokitakatani/Documents/datasets/CREMA-D/1050_TIE_NEU_XX.wav
female_neutral,CREMA,/Users/naokitakatani/Documents/datasets/CREMA-D/1056_DFA_NEU_XX.wav
male_angry,RAVDESS,/Users/naokitakatani/Documents/datasets/RAVDESS/Actor_05/03-01-05-02-01-01-05.wav
male_disgust,CREMA,/Users/naokitakatani/Documents/datasets/CREMA-D/1083_ITH_DIS_XX.wav
female_fear,RAVDESS,/Users/naokitakatani/Documents/datasets/RAVDESS/Actor_02/03-01-06-02-01-01-02.wav
female_happy,TESS,/Users/naokitakatani/Documents/datasets/TESS/OAF_happy/OAF_mill_happy.wav
male_disgust,CREMA,/Users/naokitakatani/Documents/datasets/CREMA-D/1066_TSI_DIS_XX.wav
female_fear,CREMA,/Users/naokitakatani/Documents/datasets/CREMA-D/1053_IWL_FEA_XX.wav
female_fear,CREMA,/Users/naokitakatani/Documents/datasets/CREMA-D/1020_DFA_FEA_XX.wav
male_happy,CREMA,/Users/naokitakatani/Documents/datasets/CREMA-D/1067_IWW_HAP_XX.wav
female_neutral,CREMA,/Users/naokitakatani/Documents/datasets/CREMA-D/1028_TIE_NEU_XX.wav
female_happy,RAVDESS,/Users/naokitakatani/Documents/datasets/RAVDESS/Actor_12/03-01-03-02-02-01-12.wav
female_fear,CREMA,/Users/naokitakatani/Documents/datasets/CREMA-D/1049_IEO_FEA_HI.wav
female_angry,CREMA,/Users/naokitakatani/Documents/datasets/CREMA-D/1030_IEO_ANG_MD.wav
female_fear,CREMA,/Users/naokitakatani/Documents/datasets/CREMA-D/1061_WSI_FEA_XX.wav
female_happy,CREMA,/Users/naokitakatani/Documents/datasets/CREMA-D/1072_IOM_HAP_XX.wav
male_neutral,RAVDESS,/Users/naokitakatani/Documents/datasets/RAVDESS/Actor_03/03-01-01-01-02-01-03.wav
male_angry,CREMA,/Users/naokitakatani/Documents/datasets/CREMA-D/1001_IWL_ANG_XX.wav
female_sad,CREMA,/Users/naokitakatani/Documents/datasets/CREMA-D/1054_IWW_SAD_XX.wav
female_angry,TESS,/Users/naokitakatani/Documents/datasets/TESS/YAF_angry/YAF_chat_angry.wav
female_sad,RAVDESS,/Users/naokitakatani/Documents/datasets/RAVDESS/Actor_02/03-01-04-02-01-02-02.wav
female_angry,CREMA,/Users/naokitakatani/Documents/datasets/CREMA-D/1049_IEO_ANG_MD.wav
female_disgust,CREMA,/Users/naokitakatani/Documents/datasets/CREMA-D/1060_IEO_DIS_LO.wav
female_sad,CREMA,/Users/naokitakatani/Documents/datasets/CREMA-D/1054_DFA_SAD_XX.wav
male_angry,CREMA,/Users/naokitakatani/Documents/datasets/CREMA-D/1042_IEO_ANG_MD.wav
female_sad,TESS,/Users/naokitakatani/Documents/datasets/TESS/YAF_sad/YAF_home_sad.wav
female_fear,CREMA,/Users/naokitakatani/Documents/datasets/CREMA-D/1012_MTI_FEA_XX.wav
male_disgust,SAVEE,/Users/naokitakatani/Documents/datasets/SAVEE/KL_d08.wav
female_angry,CREMA,/Users/naokitakatani/Documents/datasets/CREMA-D/1049_IOM_ANG_XX.wav
female_fear,CREMA,/Users/naokitakatani/Documents/datasets/CREMA-D/1020_WSI_FEA_XX.wav
male_fear,RAVDESS,/Users/naokitakatani/Documents/datasets/RAVDESS/Actor_01/03-01-06-01-01-01-01.wav
female_sad,CREMA,/Users/naokitakatani/Documents/datasets/CREMA-D/1037_TSI_SAD_XX.wav
female_disgust,RAVDESS,/Users/naokitakatani/Documents/datasets/RAVDESS/Actor_20/03-01-07-02-01-02-20.wav
female_angry,CREMA,/Users/naokitakatani/Documents/datasets/CREMA-D/1037_IWW_ANG_XX.wav
female_fear,CREMA,/Users/naokitakatani/Documents/datasets/CREMA-D/1089_IEO_FEA_MD.wav
female_happy,TESS,/Users/naokitakatani/Documents/datasets/TESS/OAF_happy/OAF_ditch_happy.wav
female_disgust,TESS,/Users/naokitakatani/Documents/datasets/TESS/YAF_disgust/YAF_mouse_disgust.wav
male_angry,CREMA,/Users/naokitakatani/Documents/datasets/CREMA-D/1048_IWW_ANG_XX.wav
male_sad,CREMA,/Users/naokitakatani/Documents/datasets/CREMA-D/1034_IWW_SAD_XX.wav
female_sad,TESS,/Users/naokitakatani/Documents/datasets/TESS/OAF_Sad/OAF_shout_sad.wav
female_neutral,CREMA,/Users/naokitakatani/Documents/datasets/CREMA-D/1049_TIE_NEU_XX.wav
female_sad,TESS,/Users/naokitakatani/Documents/datasets/TESS/OAF_Sad/OAF_ripe_sad.wav
female_neutral,CREMA,/Users/naokitakatani/Documents/datasets/CREMA-D/1091_TAI_NEU_XX.wav
female_surprise,TESS,/Users/naokitakatani/Documents/datasets/TESS/OAF_Pleasant_surprise/OAF_goal_ps.wav
female_neutral,TESS,/Users/naokitakatani/Documents/datasets/TESS/YAF_neutral/YAF_ditch_neutral.wav
male_disgust,CREMA,/Users/naokitakatani/Documents/datasets/CREMA-D/1045_IOM_DIS_XX.wav
female_happy,CREMA,/Users/naokitakatani/Documents/datasets/CREMA-D/1058_WSI_HAP_XX.wav
male_angry,CREMA,/Users/naokitakatani/Documents/datasets/CREMA-D/1081_IWL_ANG_XX.wav
female_fear,CREMA,/Users/naokitakatani/Documents/datasets/CREMA-D/1046_IEO_FEA_HI.wav
female_angry,CREMA,/Users/naokitakatani/Documents/datasets/CREMA-D/1043_ITS_ANG_XX.wav
female_disgust,CREMA,/Users/naokitakatani/Documents/datasets/CREMA-D/1053_IEO_DIS_LO.wav
male_sad,CREMA,/Users/naokitakatani/Documents/datasets/CREMA-D/1041_IWL_SAD_XX.wav
male_angry,RAVDESS,/Users/naokitakatani/Documents/datasets/RAVDESS/Actor_13/03-01-05-02-02-02-13.wav
male_angry,CREMA,/Users/naokitakatani/Documents/datasets/CREMA-D/1080_MTI_ANG_XX.wav
female_fear,CREMA,/Users/naokitakatani/Documents/datasets/CREMA-D/1063_TSI_FEA_XX.wav
female_angry,TESS,/Users/naokitakatani/Documents/datasets/TESS/YAF_angry/YAF_merge_angry.wav
male_neutral,CREMA,/Users/naokitakatani/Documents/datasets/CREMA-D/1039_TAI_NEU_XX.wav
male_fear,CREMA,/Users/naokitakatani/Documents/datasets/CREMA-D/1035_TSI_FEA_XX.wav
female_fear,CREMA,/Users/naokitakatani/Documents/datasets/CREMA-D/1089_TIE_FEA_XX.wav
female_angry,TESS,/Users/naokitakatani/Documents/datasets/TESS/YAF_angry/YAF_should_angry.wav
female_disgust,CREMA,/Users/naokitakatani/Documents/datasets/CREMA-D/1007_IEO_DIS_MD.wav
female_fear,TESS,/Users/naokitakatani/Documents/datasets/TESS/YAF_fear/YAF_soup_fear.wav
female_disgust,TESS,/Users/naokitakatani/Documents/datasets/TESS/YAF_disgust/YAF_join_disgust.wav
male_angry,CREMA,/Users/naokitakatani/Documents/datasets/CREMA-D/1023_ITH_ANG_XX.wav
female_disgust,TESS,/Users/naokitakatani/Documents/datasets/TESS/OAF_disgust/OAF_gap_disgust.wav
female_fear,RAVDESS,/Users/naokitakatani/Documents/datasets/RAVDESS/Actor_20/03-01-06-01-01-02-20.wav
female_happy,CREMA,/Users/naokitakatani/Documents/datasets/CREMA-D/1082_DFA_HAP_XX.wav
male_angry,CREMA,/Users/naokitakatani/Documents/datasets/CREMA-D/1068_MTI_ANG_XX.wav
female_angry,CREMA,/Users/naokitakatani/Documents/datasets/CREMA-D/1055_TAI_ANG_XX.wav
female_neutral,RAVDESS,/Users/naokitakatani/Documents/datasets/RAVDESS/Actor_18/03-01-01-01-02-02-18.wav
female_neutral,TESS,/Users/naokitakatani/Documents/datasets/TESS/YAF_neutral/YAF_tire_neutral.wav
female_fear,CREMA,/Users/naokitakatani/Documents/datasets/CREMA-D/1009_IEO_FEA_HI.wav
female_happy,TESS,/Users/naokitakatani/Documents/datasets/TESS/OAF_happy/OAF_learn_happy.wav
male_neutral,RAVDESS,/Users/naokitakatani/Documents/datasets/RAVDESS/Actor_19/03-01-02-02-01-02-19.wav
female_neutral,CREMA,/Users/naokitakatani/Documents/datasets/CREMA-D/1024_IOM_NEU_XX.wav
female_sad,RAVDESS,/Users/naokitakatani/Documents/datasets/RAVDESS/Actor_12/03-01-04-01-02-02-12.wav
female_disgust,TESS,/Users/naokitakatani/Documents/datasets/TESS/YAF_disgust/YAF_chair_disgust.wav
female_sad,CREMA,/Users/naokitakatani/Documents/datasets/CREMA-D/1058_ITH_SAD_XX.wav
male_angry,SAVEE,/Users/naokitakatani/Documents/datasets/SAVEE/JE_a10.wav
female_sad,TESS,/Users/naokitakatani/Documents/datasets/TESS/OAF_Sad/OAF_mess_sad.wav
female_neutral,TESS,/Users/naokitakatani/Documents/datasets/TESS/YAF_neutral/YAF_shout_neutral.wav
female_angry,RAVDESS,/Users/naokitakatani/Documents/datasets/RAVDESS/Actor_10/03-01-05-01-02-02-10.wav
female_disgust,TESS,/Users/naokitakatani/Documents/datasets/TESS/OAF_disgust/OAF_mood_disgust.wav
female_surprise,TESS,/Users/naokitakatani/Documents/datasets/TESS/OAF_Pleasant_surprise/OAF_lose_ps.wav
male_happy,CREMA,/Users/naokitakatani/Documents/datasets/CREMA-D/1011_IEO_HAP_MD.wav
male_fear,CREMA,/Users/naokitakatani/Documents/datasets/CREMA-D/1016_MTI_FEA_XX.wav
male_happy,CREMA,/Users/naokitakatani/Documents/datasets/CREMA-D/1036_ITH_HAP_XX.wav
male_happy,CREMA,/Users/naokitakatani/Documents/datasets/CREMA-D/1069_IWW_HAP_XX.wav
male_disgust,CREMA,/Users/naokitakatani/Documents/datasets/CREMA-D/1045_IWW_DIS_XX.wav
male_neutral,CREMA,/Users/naokitakatani/Documents/datasets/CREMA-D/1077_IWL_NEU_XX.wav
female_disgust,CREMA,/Users/naokitakatani/Documents/datasets/CREMA-D/1074_IEO_DIS_LO.wav
female_happy,CREMA,/Users/naokitakatani/Documents/datasets/CREMA-D/1084_TIE_HAP_XX.wav
male_neutral,CREMA,/Users/naokitakatani/Documents/datasets/CREMA-D/1065_TIE_NEU_XX.wav
male_fear,CREMA,/Users/naokitakatani/Documents/datasets/CREMA-D/1066_IEO_FEA_HI.wav
female_neutral,CREMA,/Users/naokitakatani/Documents/datasets/CREMA-D/1082_ITS_NEU_XX.wav
female_happy,CREMA,/Users/naokitakatani/Documents/datasets/CREMA-D/1007_WSI_HAP_XX.wav
female_happy,TESS,/Users/naokitakatani/Documents/datasets/TESS/YAF_happy/YAF_lore_happy.wav
female_fear,RAVDESS,/Users/naokitakatani/Documents/datasets/RAVDESS/Actor_02/03-01-06-02-02-02-02.wav
female_angry,CREMA,/Users/naokitakatani/Documents/datasets/CREMA-D/1025_IEO_ANG_LO.wav
female_fear,CREMA,/Users/naokitakatani/Documents/datasets/CREMA-D/1025_TAI_FEA_XX.wav
female_angry,TESS,/Users/naokitakatani/Documents/datasets/TESS/YAF_angry/YAF_numb_angry.wav
male_neutral,CREMA,/Users/naokitakatani/Documents/datasets/CREMA-D/1035_IOM_NEU_XX.wav
female_surprise,RAVDESS,/Users/naokitakatani/Documents/datasets/RAVDESS/Actor_12/03-01-08-02-01-01-12.wav
female_fear,TESS,/Users/naokitakatani/Documents/datasets/TESS/YAF_fear/YAF_lease_fear.wav
male_fear,CREMA,/Users/naokitakatani/Documents/datasets/CREMA-D/1015_IEO_FEA_MD.wav
female_disgust,CREMA,/Users/naokitakatani/Documents/datasets/CREMA-D/1073_TIE_DIS_XX.wav
female_happy,CREMA,/Users/naokitakatani/Documents/datasets/CREMA-D/1073_IEO_HAP_LO.wav
female_happy,TESS,/Users/naokitakatani/Documents/datasets/TESS/YAF_happy/YAF_cool_happy.wav
male_neutral,CREMA,/Users/naokitakatani/Documents/datasets/CREMA-D/1017_DFA_NEU_XX.wav
male_neutral,SAVEE,/Users/naokitakatani/Documents/datasets/SAVEE/JK_n25.wav
female_neutral,RAVDESS,/Users/naokitakatani/Documents/datasets/RAVDESS/Actor_02/03-01-02-01-01-01-02.wav
male_angry,SAVEE,/Users/naokitakatani/Documents/datasets/SAVEE/JE_a14.wav
female_sad,TESS,/Users/naokitakatani/Documents/datasets/TESS/YAF_sad/YAF_hire_sad.wav
male_fear,CREMA,/Users/naokitakatani/Documents/datasets/CREMA-D/1031_IWW_FEA_XX.wav
female_surprise,TESS,/Users/naokitakatani/Documents/datasets/TESS/YAF_pleasant_surprised/YAF_page_ps.wav
female_neutral,TESS,/Users/naokitakatani/Documents/datasets/TESS/YAF_neutral/YAF_mouse_neutral.wav
female_happy,CREMA,/Users/naokitakatani/Documents/datasets/CREMA-D/1013_TSI_HAP_XX.wav
female_disgust,CREMA,/Users/naokitakatani/Documents/datasets/CREMA-D/1054_ITS_DIS_XX.wav
female_disgust,TESS,/Users/naokitakatani/Documents/datasets/TESS/OAF_disgust/OAF_page_disgust.wav
male_disgust,CREMA,/Users/naokitakatani/Documents/datasets/CREMA-D/1032_MTI_DIS_XX.wav
male_angry,RAVDESS,/Users/naokitakatani/Documents/datasets/RAVDESS/Actor_11/03-01-05-01-01-01-11.wav
female_neutral,CREMA,/Users/naokitakatani/Documents/datasets/CREMA-D/1063_IOM_NEU_XX.wav
female_neutral,TESS,/Users/naokitakatani/Documents/datasets/TESS/OAF_neutral/OAF_kill_neutral.wav
male_disgust,SAVEE,/Users/naokitakatani/Documents/datasets/SAVEE/KL_d15.wav
female_disgust,CREMA,/Users/naokitakatani/Documents/datasets/CREMA-D/1020_MTI_DIS_XX.wav
male_happy,CREMA,/Users/naokitakatani/Documents/datasets/CREMA-D/1019_DFA_HAP_XX.wav
male_neutral,CREMA,/Users/naokitakatani/Documents/datasets/CREMA-D/1069_TSI_NEU_XX.wav
male_fear,CREMA,/Users/naokitakatani/Documents/datasets/CREMA-D/1016_ITH_FEA_XX.wav
female_neutral,CREMA,/Users/naokitakatani/Documents/datasets/CREMA-D/1055_IWL_NEU_XX.wav
male_angry,SAVEE,/Users/naokitakatani/Documents/datasets/SAVEE/JK_a04.wav
female_disgust,CREMA,/Users/naokitakatani/Documents/datasets/CREMA-D/1073_MTI_DIS_XX.wav
male_happy,CREMA,/Users/naokitakatani/Documents/datasets/CREMA-D/1088_IWW_HAP_XX.wav
male_disgust,CREMA,/Users/naokitakatani/Documents/datasets/CREMA-D/1011_ITH_DIS_XX.wav
female_fear,TESS,/Users/naokitakatani/Documents/datasets/TESS/OAF_Fear/OAF_when_fear.wav
female_neutral,CREMA,/Users/naokitakatani/Documents/datasets/CREMA-D/1052_WSI_NEU_XX.wav
female_angry,CREMA,/Users/naokitakatani/Documents/datasets/CREMA-D/1025_ITH_ANG_XX.wav
male_sad,CREMA,/Users/naokitakatani/Documents/datasets/CREMA-D/1045_DFA_SAD_XX.wav
female_disgust,TESS,/Users/naokitakatani/Documents/datasets/TESS/OAF_disgust/OAF_perch_disgust.wav
female_fear,TESS,/Users/naokitakatani/Documents/datasets/TESS/OAF_Fear/OAF_beg_fear.wav
male_neutral,CREMA,/Users/naokitakatani/Documents/datasets/CREMA-D/1057_IWW_NEU_XX.wav
female_neutral,TESS,/Users/naokitakatani/Documents/datasets/TESS/YAF_neutral/YAF_should_neutral.wav
female_happy,CREMA,/Users/naokitakatani/Documents/datasets/CREMA-D/1082_IOM_HAP_XX.wav
female_neutral,TESS,/Users/naokitakatani/Documents/datasets/TESS/OAF_neutral/OAF_hit_neutral.wav
male_angry,RAVDESS,/Users/naokitakatani/Documents/datasets/RAVDESS/Actor_21/03-01-05-01-01-02-21.wav
male_neutral,SAVEE,/Users/naokitakatani/Documents/datasets/SAVEE/KL_n09.wav
female_sad,CREMA,/Users/naokitakatani/Documents/datasets/CREMA-D/1024_IEO_SAD_MD.wav
female_sad,TESS,/Users/naokitakatani/Documents/datasets/TESS/OAF_Sad/OAF_south_sad.wav
female_happy,CREMA,/Users/naokitakatani/Documents/datasets/CREMA-D/1075_IOM_HAP_XX.wav
female_neutral,CREMA,/Users/naokitakatani/Documents/datasets/CREMA-D/1021_IWW_NEU_XX.wav
male_neutral,CREMA,/Users/naokitakatani/Documents/datasets/CREMA-D/1085_IWW_NEU_XX.wav
female_happy,RAVDESS,/Users/naokitakatani/Documents/datasets/RAVDESS/Actor_02/03-01-03-01-01-02-02.wav
female_fear,TESS,/Users/naokitakatani/Documents/datasets/TESS/OAF_Fear/OAF_near_fear.wav
male_fear,CREMA,/Users/naokitakatani/Documents/datasets/CREMA-D/1038_IEO_FEA_LO.wav
female_neutral,RAVDESS,/Users/naokitakatani/Documents/datasets/RAVDESS/Actor_08/03-01-02-02-02-02-08.wav
female_sad,CREMA,/Users/naokitakatani/Documents/datasets/CREMA-D/1054_IEO_SAD_LO.wav
female_angry,RAVDESS,/Users/naokitakatani/Documents/datasets/RAVDESS/Actor_24/03-01-05-02-01-01-24.wav
female_disgust,TESS,/Users/naokitakatani/Documents/datasets/TESS/OAF_disgust/OAF_fall_disgust.wav
male_disgust,CREMA,/Users/naokitakatani/Documents/datasets/CREMA-D/1016_WSI_DIS_XX.wav
female_angry,CREMA,/Users/naokitakatani/Documents/datasets/CREMA-D/1047_ITS_ANG_XX.wav
female_surprise,TESS,/Users/naokitakatani/Documents/datasets/TESS/OAF_Pleasant_surprise/OAF_loaf_ps.wav
female_disgust,CREMA,/Users/naokitakatani/Documents/datasets/CREMA-D/1002_IEO_DIS_HI.wav
male_angry,CREMA,/Users/naokitakatani/Documents/datasets/CREMA-D/1062_ITS_ANG_XX.wav
female_angry,TESS,/Users/naokitakatani/Documents/datasets/TESS/OAF_angry/OAF_jar_angry.wav
male_disgust,CREMA,/Users/naokitakatani/Documents/datasets/CREMA-D/1083_IOM_DIS_XX.wav
male_happy,RAVDESS,/Users/naokitakatani/Documents/datasets/RAVDESS/Actor_17/03-01-03-02-01-02-17.wav
male_fear,CREMA,/Users/naokitakatani/Documents/datasets/CREMA-D/1022_DFA_FEA_XX.wav
male_angry,RAVDESS,/Users/naokitakatani/Documents/datasets/RAVDESS/Actor_07/03-01-05-01-01-01-07.wav
male_neutral,SAVEE,/Users/naokitakatani/Documents/datasets/SAVEE/JE_n12.wav
female_disgust,TESS,/Users/naokitakatani/Documents/datasets/TESS/OAF_disgust/OAF_puff_disgust.wav
male_neutral,CREMA,/Users/naokitakatani/Documents/datasets/CREMA-D/1069_IOM_NEU_XX.wav
male_sad,CREMA,/Users/naokitakatani/Documents/datasets/CREMA-D/1026_IWW_SAD_XX.wav
male_angry,CREMA,/Users/naokitakatani/Documents/datasets/CREMA-D/1085_WSI_ANG_XX.wav
female_neutral,RAVDESS,/Users/naokitakatani/Documents/datasets/RAVDESS/Actor_20/03-01-01-01-02-02-20.wav
female_disgust,TESS,/Users/naokitakatani/Documents/datasets/TESS/YAF_disgust/YAF_ditch_disgust.wav
female_sad,CREMA,/Users/naokitakatani/Documents/datasets/CREMA-D/1072_DFA_SAD_XX.wav
female_disgust,CREMA,/Users/naokitakatani/Documents/datasets/CREMA-D/1056_IWW_DIS_XX.wav
male_happy,CREMA,/Users/naokitakatani/Documents/datasets/CREMA-D/1066_IEO_HAP_LO.wav
male_sad,CREMA,/Users/naokitakatani/Documents/datasets/CREMA-D/1017_ITH_SAD_XX.wav
male_fear,CREMA,/Users/naokitakatani/Documents/datasets/CREMA-D/1015_ITS_FEA_XX.wav
male_surprise,SAVEE,/Users/naokitakatani/Documents/datasets/SAVEE/JE_su07.wav
male_neutral,SAVEE,/Users/naokitakatani/Documents/datasets/SAVEE/KL_n05.wav
female_sad,CREMA,/Users/naokitakatani/Documents/datasets/CREMA-D/1089_IWW_SAD_XX.wav
female_happy,CREMA,/Users/naokitakatani/Documents/datasets/CREMA-D/1037_WSI_HAP_XX.wav
male_disgust,CREMA,/Users/naokitakatani/Documents/datasets/CREMA-D/1044_TSI_DIS_XX.wav
female_happy,CREMA,/Users/naokitakatani/Documents/datasets/CREMA-D/1021_IWL_HAP_XX.wav
male_neutral,CREMA,/Users/naokitakatani/Documents/datasets/CREMA-D/1044_ITH_NEU_XX.wav
female_angry,CREMA,/Users/naokitakatani/Documents/datasets/CREMA-D/1028_TIE_ANG_XX.wav
female_angry,TESS,/Users/naokitakatani/Documents/datasets/TESS/YAF_angry/YAF_kill_angry.wav
female_happy,TESS,/Users/naokitakatani/Documents/datasets/TESS/YAF_happy/YAF_tool_happy.wav
female_angry,CREMA,/Users/naokitakatani/Documents/datasets/CREMA-D/1082_IWW_ANG_XX.wav
female_disgust,CREMA,/Users/naokitakatani/Documents/datasets/CREMA-D/1084_WSI_DIS_XX.wav
male_neutral,CREMA,/Users/naokitakatani/Documents/datasets/CREMA-D/1038_DFA_NEU_XX.wav
female_happy,TESS,/Users/naokitakatani/Documents/datasets/TESS/OAF_happy/OAF_lid_happy.wav
female_sad,TESS,/Users/naokitakatani/Documents/datasets/TESS/OAF_Sad/OAF_young_sad.wav
female_fear,CREMA,/Users/naokitakatani/Documents/datasets/CREMA-D/1012_DFA_FEA_XX.wav
female_fear,TESS,/Users/naokitakatani/Documents/datasets/TESS/OAF_Fear/OAF_nag_fear.wav
male_happy,CREMA,/Users/naokitakatani/Documents/datasets/CREMA-D/1016_TIE_HAP_XX.wav
female_disgust,TESS,/Users/naokitakatani/Documents/datasets/TESS/OAF_disgust/OAF_youth_disgust.wav
female_disgust,CREMA,/Users/naokitakatani/Documents/datasets/CREMA-D/1053_WSI_DIS_XX.wav
female_sad,CREMA,/Users/naokitakatani/Documents/datasets/CREMA-D/1074_IWL_SAD_XX.wav
female_happy,CREMA,/Users/naokitakatani/Documents/datasets/CREMA-D/1028_TAI_HAP_XX.wav
female_fear,CREMA,/Users/naokitakatani/Documents/datasets/CREMA-D/1046_TIE_FEA_XX.wav
male_disgust,CREMA,/Users/naokitakatani/Documents/datasets/CREMA-D/1059_IEO_DIS_HI.wav
female_happy,CREMA,/Users/naokitakatani/Documents/datasets/CREMA-D/1078_DFA_HAP_XX.wav
female_disgust,CREMA,/Users/naokitakatani/Documents/datasets/CREMA-D/1025_IEO_DIS_HI.wav
female_angry,CREMA,/Users/naokitakatani/Documents/datasets/CREMA-D/1010_TSI_ANG_XX.wav
female_surprise,TESS,/Users/naokitakatani/Documents/datasets/TESS/YAF_pleasant_surprised/YAF_perch_ps.wav
female_disgust,CREMA,/Users/naokitakatani/Documents/datasets/CREMA-D/1021_IEO_DIS_HI.wav
male_angry,CREMA,/Users/naokitakatani/Documents/datasets/CREMA-D/1071_IEO_ANG_LO.wav
male_happy,CREMA,/Users/naokitakatani/Documents/datasets/CREMA-D/1088_TAI_HAP_XX.wav
male_fear,CREMA,/Users/naokitakatani/Documents/datasets/CREMA-D/1064_IWW_FEA_XX.wav
female_neutral,CREMA,/Users/naokitakatani/Documents/datasets/CREMA-D/1046_IWL_NEU_XX.wav
female_happy,CREMA,/Users/naokitakatani/Documents/datasets/CREMA-D/1029_ITS_HAP_XX.wav
female_surprise,RAVDESS,/Users/naokitakatani/Documents/datasets/RAVDESS/Actor_10/03-01-08-02-01-02-10.wav
female_sad,TESS,/Users/naokitakatani/Documents/datasets/TESS/OAF_Sad/OAF_shawl_sad.wav
male_fear,CREMA,/Users/naokitakatani/Documents/datasets/CREMA-D/1015_IOM_FEA_XX.wav
female_fear,CREMA,/Users/naokitakatani/Documents/datasets/CREMA-D/1079_IEO_FEA_HI.wav
male_surprise,RAVDESS,/Users/naokitakatani/Documents/datasets/RAVDESS/Actor_21/03-01-08-01-02-01-21.wav
female_fear,CREMA,/Users/naokitakatani/Documents/datasets/CREMA-D/1078_IEO_FEA_LO.wav
female_angry,TESS,/Users/naokitakatani/Documents/datasets/TESS/YAF_angry/YAF_walk_angry.wav
female_disgust,CREMA,/Users/naokitakatani/Documents/datasets/CREMA-D/1056_IWL_DIS_XX.wav
female_surprise,RAVDESS,/Users/naokitakatani/Documents/datasets/RAVDESS/Actor_04/03-01-08-01-01-02-04.wav
male_happy,CREMA,/Users/naokitakatani/Documents/datasets/CREMA-D/1083_TSI_HAP_XX.wav
male_neutral,CREMA,/Users/naokitakatani/Documents/datasets/CREMA-D/1070_IEO_NEU_XX.wav
female_sad,CREMA,/Users/naokitakatani/Documents/datasets/CREMA-D/1010_IEO_SAD_MD.wav
male_neutral,CREMA,/Users/naokitakatani/Documents/datasets/CREMA-D/1087_WSI_NEU_XX.wav
male_happy,CREMA,/Users/naokitakatani/Documents/datasets/CREMA-D/1077_IOM_HAP_XX.wav
female_neutral,TESS,/Users/naokitakatani/Documents/datasets/TESS/OAF_neutral/OAF_loaf_neutral.wav
male_happy,CREMA,/Users/naokitakatani/Documents/datasets/CREMA-D/1071_WSI_HAP_XX.wav
male_disgust,CREMA,/Users/naokitakatani/Documents/datasets/CREMA-D/1038_IEO_DIS_HI.wav
female_fear,CREMA,/Users/naokitakatani/Documents/datasets/CREMA-D/1091_IWL_FEA_XX.wav
female_angry,TESS,/Users/naokitakatani/Documents/datasets/TESS/OAF_angry/OAF_rag_angry.wav
female_fear,CREMA,/Users/naokitakatani/Documents/datasets/CREMA-D/1007_TIE_FEA_XX.wav
male_angry,CREMA,/Users/naokitakatani/Documents/datasets/CREMA-D/1083_MTI_ANG_XX.wav
female_happy,RAVDESS,/Users/naokitakatani/Documents/datasets/RAVDESS/Actor_12/03-01-03-01-02-01-12.wav
male_angry,RAVDESS,/Users/naokitakatani/Documents/datasets/RAVDESS/Actor_15/03-01-05-01-01-02-15.wav
female_surprise,TESS,/Users/naokitakatani/Documents/datasets/TESS/YAF_pleasant_surprised/YAF_dip_ps.wav
female_angry,RAVDESS,/Users/naokitakatani/Documents/datasets/RAVDESS/Actor_16/03-01-05-01-01-02-16.wav
male_fear,CREMA,/Users/naokitakatani/Documents/datasets/CREMA-D/1062_DFA_FEA_XX.wav
female_disgust,CREMA,/Users/naokitakatani/Documents/datasets/CREMA-D/1052_IOM_DIS_XX.wav
female_fear,TESS,/Users/naokitakatani/Documents/datasets/TESS/YAF_fear/YAF_gap_fear.wav
male_fear,CREMA,/Users/naokitakatani/Documents/datasets/CREMA-D/1077_ITS_FEA_XX.wav
female_surprise,TESS,/Users/naokitakatani/Documents/datasets/TESS/YAF_pleasant_surprised/YAF_raid_ps.wav
female_fear,CREMA,/Users/naokitakatani/Documents/datasets/CREMA-D/1012_TAI_FEA_XX.wav
female_angry,TESS,/Users/naokitakatani/Documents/datasets/TESS/YAF_angry/YAF_vote_angry.wav
male_fear,CREMA,/Users/naokitakatani/Documents/datasets/CREMA-D/1026_ITH_FEA_XX.wav
male_happy,CREMA,/Users/naokitakatani/Documents/datasets/CREMA-D/1005_ITH_HAP_XX.wav
male_sad,CREMA,/Users/naokitakatani/Documents/datasets/CREMA-D/1041_IEO_SAD_HI.wav
male_fear,RAVDESS,/Users/naokitakatani/Documents/datasets/RAVDESS/Actor_07/03-01-06-01-01-02-07.wav
male_angry,CREMA,/Users/naokitakatani/Documents/datasets/CREMA-D/1015_ITS_ANG_XX.wav
male_fear,CREMA,/Users/naokitakatani/Documents/datasets/CREMA-D/1026_IWW_FEA_XX.wav
female_neutral,TESS,/Users/naokitakatani/Documents/datasets/TESS/YAF_neutral/YAF_note_neutral.wav
female_surprise,TESS,/Users/naokitakatani/Documents/datasets/TESS/OAF_Pleasant_surprise/OAF_voice_ps.wav
female_angry,CREMA,/Users/naokitakatani/Documents/datasets/CREMA-D/1046_TIE_ANG_XX.wav
female_happy,CREMA,/Users/naokitakatani/Documents/datasets/CREMA-D/1047_TAI_HAP_XX.wav
male_angry,SAVEE,/Users/naokitakatani/Documents/datasets/SAVEE/JE_a13.wav
female_disgust,CREMA,/Users/naokitakatani/Documents/datasets/CREMA-D/1056_WSI_DIS_XX.wav
male_fear,CREMA,/Users/naokitakatani/Documents/datasets/CREMA-D/1051_MTI_FEA_XX.wav
male_fear,CREMA,/Users/naokitakatani/Documents/datasets/CREMA-D/1023_TSI_FEA_XX.wav
female_disgust,CREMA,/Users/naokitakatani/Documents/datasets/CREMA-D/1049_ITS_DIS_XX.wav
female_angry,CREMA,/Users/naokitakatani/Documents/datasets/CREMA-D/1018_MTI_ANG_XX.wav
female_disgust,CREMA,/Users/naokitakatani/Documents/datasets/CREMA-D/1053_IWW_DIS_XX.wav
male_disgust,CREMA,/Users/naokitakatani/Documents/datasets/CREMA-D/1001_IOM_DIS_XX.wav
female_fear,TESS,/Users/naokitakatani/Documents/datasets/TESS/OAF_Fear/OAF_search_fear.wav
female_sad,CREMA,/Users/naokitakatani/Documents/datasets/CREMA-D/1002_IWW_SAD_XX.wav
male_sad,CREMA,/Users/naokitakatani/Documents/datasets/CREMA-D/1044_ITH_SAD_XX.wav
female_disgust,CREMA,/Users/naokitakatani/Documents/datasets/CREMA-D/1060_DFA_DIS_XX.wav
female_angry,CREMA,/Users/naokitakatani/Documents/datasets/CREMA-D/1058_IOM_ANG_XX.wav
male_sad,CREMA,/Users/naokitakatani/Documents/datasets/CREMA-D/1011_IEO_SAD_HI.wav
female_angry,TESS,/Users/naokitakatani/Documents/datasets/TESS/OAF_angry/OAF_life_angry.wav
female_disgust,TESS,/Users/naokitakatani/Documents/datasets/TESS/YAF_disgust/YAF_merge_disgust.wav
male_happy,CREMA,/Users/naokitakatani/Documents/datasets/CREMA-D/1015_IEO_HAP_MD.wav
female_fear,CREMA,/Users/naokitakatani/Documents/datasets/CREMA-D/1074_IOM_FEA_XX.wav
female_happy,TESS,/Users/naokitakatani/Documents/datasets/TESS/OAF_happy/OAF_late_happy.wav
male_neutral,CREMA,/Users/naokitakatani/Documents/datasets/CREMA-D/1083_TSI_NEU_XX.wav
female_happy,CREMA,/Users/naokitakatani/Documents/datasets/CREMA-D/1055_IWL_HAP_XX.wav
female_disgust,TESS,/Users/naokitakatani/Documents/datasets/TESS/OAF_disgust/OAF_kick_disgust.wav
female_neutral,CREMA,/Users/naokitakatani/Documents/datasets/CREMA-D/1082_WSI_NEU_XX.wav
male_fear,CREMA,/Users/naokitakatani/Documents/datasets/CREMA-D/1070_TSI_FEA_XX.wav
female_fear,TESS,/Users/naokitakatani/Documents/datasets/TESS/OAF_Fear/OAF_numb_fear.wav
female_fear,CREMA,/Users/naokitakatani/Documents/datasets/CREMA-D/1055_DFA_FEA_XX.wav
male_disgust,CREMA,/Users/naokitakatani/Documents/datasets/CREMA-D/1066_ITS_DIS_XX.wav
female_sad,CREMA,/Users/naokitakatani/Documents/datasets/CREMA-D/1021_IEO_SAD_HI.wav
female_sad,TESS,/Users/naokitakatani/Documents/datasets/TESS/YAF_sad/YAF_rush_sad.wav
female_disgust,TESS,/Users/naokitakatani/Documents/datasets/TESS/YAF_disgust/YAF_mess_disgust.wav
female_disgust,CREMA,/Users/naokitakatani/Documents/datasets/CREMA-D/1053_IOM_DIS_XX.wav
male_happy,CREMA,/Users/naokitakatani/Documents/datasets/CREMA-D/1083_WSI_HAP_XX.wav
male_neutral,CREMA,/Users/naokitakatani/Documents/datasets/CREMA-D/1045_DFA_NEU_XX.wav
female_sad,CREMA,/Users/naokitakatani/Documents/datasets/CREMA-D/1061_WSI_SAD_XX.wav
female_surprise,TESS,/Users/naokitakatani/Documents/datasets/TESS/OAF_Pleasant_surprise/OAF_germ_ps.wav
male_sad,SAVEE,/Users/naokitakatani/Documents/datasets/SAVEE/DC_sa01.wav
female_angry,CREMA,/Users/naokitakatani/Documents/datasets/CREMA-D/1076_ITH_ANG_XX.wav
female_sad,TESS,/Users/naokitakatani/Documents/datasets/TESS/OAF_Sad/OAF_sheep_sad.wav
female_fear,TESS,/Users/naokitakatani/Documents/datasets/TESS/YAF_fear/YAF_shall_fear.wav
female_angry,TESS,/Users/naokitakatani/Documents/datasets/TESS/YAF_angry/YAF_fall_angry.wav
male_fear,CREMA,/Users/naokitakatani/Documents/datasets/CREMA-D/1038_ITS_FEA_XX.wav
female_neutral,CREMA,/Users/naokitakatani/Documents/datasets/CREMA-D/1061_TAI_NEU_XX.wav
female_happy,TESS,/Users/naokitakatani/Documents/datasets/TESS/YAF_happy/YAF_keg_happy.wav
female_neutral,CREMA,/Users/naokitakatani/Documents/datasets/CREMA-D/1063_ITS_NEU_XX.wav
female_angry,TESS,/Users/naokitakatani/Documents/datasets/TESS/YAF_angry/YAF_fat_angry.wav
male_fear,CREMA,/Users/naokitakatani/Documents/datasets/CREMA-D/1059_IEO_FEA_MD.wav
female_neutral,TESS,/Users/naokitakatani/Documents/datasets/TESS/OAF_neutral/OAF_doll_neutral.wav
male_disgust,RAVDESS,/Users/naokitakatani/Documents/datasets/RAVDESS/Actor_19/03-01-07-01-02-02-19.wav
female_happy,TESS,/Users/naokitakatani/Documents/datasets/TESS/OAF_happy/OAF_rat_happy.wav
male_sad,CREMA,/Users/naokitakatani/Documents/datasets/CREMA-D/1027_IWL_SAD_XX.wav
male_fear,CREMA,/Users/naokitakatani/Documents/datasets/CREMA-D/1080_TIE_FEA_XX.wav
female_fear,CREMA,/Users/naokitakatani/Documents/datasets/CREMA-D/1089_MTI_FEA_XX.wav
male_happy,CREMA,/Users/naokitakatani/Documents/datasets/CREMA-D/1057_IOM_HAP_XX.wav
female_surprise,TESS,/Users/naokitakatani/Documents/datasets/TESS/OAF_Pleasant_surprise/OAF_cause_ps.wav
male_angry,RAVDESS,/Users/naokitakatani/Documents/datasets/RAVDESS/Actor_21/03-01-05-02-01-01-21.wav
male_angry,SAVEE,/Users/naokitakatani/Documents/datasets/SAVEE/DC_a08.wav
female_fear,TESS,/Users/naokitakatani/Documents/datasets/TESS/OAF_Fear/OAF_walk_fear.wav
female_surprise,TESS,/Users/naokitakatani/Documents/datasets/TESS/OAF_Pleasant_surprise/OAF_book_ps.wav
male_happy,CREMA,/Users/naokitakatani/Documents/datasets/CREMA-D/1050_MTI_HAP_XX.wav
male_sad,CREMA,/Users/naokitakatani/Documents/datasets/CREMA-D/1039_TAI_SAD_XX.wav
female_sad,CREMA,/Users/naokitakatani/Documents/datasets/CREMA-D/1004_DFA_SAD_XX.wav
male_neutral,RAVDESS,/Users/naokitakatani/Documents/datasets/RAVDESS/Actor_01/03-01-02-01-02-01-01.wav
female_happy,CREMA,/Users/naokitakatani/Documents/datasets/CREMA-D/1047_MTI_HAP_XX.wav
male_happy,CREMA,/Users/naokitakatani/Documents/datasets/CREMA-D/1042_IWL_HAP_XX.wav
male_neutral,CREMA,/Users/naokitakatani/Documents/datasets/CREMA-D/1080_TIE_NEU_XX.wav
male_sad,CREMA,/Users/naokitakatani/Documents/datasets/CREMA-D/1022_IEO_SAD_LO.wav
female_sad,TESS,/Users/naokitakatani/Documents/datasets/TESS/YAF_sad/YAF_shirt_sad.wav
female_angry,TESS,/Users/naokitakatani/Documents/datasets/TESS/OAF_angry/OAF_white_angry.wav
female_surprise,RAVDESS,/Users/naokitakatani/Documents/datasets/RAVDESS/Actor_20/03-01-08-01-02-02-20.wav
female_sad,TESS,/Users/naokitakatani/Documents/datasets/TESS/YAF_sad/YAF_search_sad.wav
female_disgust,TESS,/Users/naokitakatani/Documents/datasets/TESS/OAF_disgust/OAF_luck_disgust.wav
female_disgust,CREMA,/Users/naokitakatani/Documents/datasets/CREMA-D/1020_WSI_DIS_XX.wav
female_angry,CREMA,/Users/naokitakatani/Documents/datasets/CREMA-D/1074_IEO_ANG_MD.wav
female_sad,RAVDESS,/Users/naokitakatani/Documents/datasets/RAVDESS/Actor_24/03-01-04-01-01-01-24.wav
male_disgust,SAVEE,/Users/naokitakatani/Documents/datasets/SAVEE/JE_d12.wav
male_angry,CREMA,/Users/naokitakatani/Documents/datasets/CREMA-D/1080_IWL_ANG_XX.wav
female_sad,CREMA,/Users/naokitakatani/Documents/datasets/CREMA-D/1028_DFA_SAD_XX.wav
male_neutral,RAVDESS,/Users/naokitakatani/Documents/datasets/RAVDESS/Actor_11/03-01-01-01-02-02-11.wav
male_angry,CREMA,/Users/naokitakatani/Documents/datasets/CREMA-D/1036_IEO_ANG_MD.wav
male_fear,CREMA,/Users/naokitakatani/Documents/datasets/CREMA-D/1022_MTI_FEA_XX.wav
male_fear,CREMA,/Users/naokitakatani/Documents/datasets/CREMA-D/1014_WSI_FEA_XX.wav
female_surprise,TESS,/Users/naokitakatani/Documents/datasets/TESS/YAF_pleasant_surprised/YAF_which_ps.wav
female_sad,CREMA,/Users/naokitakatani/Documents/datasets/CREMA-D/1018_DFA_SAD_XX.wav
female_fear,CREMA,/Users/naokitakatani/Documents/datasets/CREMA-D/1025_ITH_FEA_XX.wav
female_neutral,RAVDESS,/Users/naokitakatani/Documents/datasets/RAVDESS/Actor_16/03-01-02-01-01-02-16.wav
male_disgust,CREMA,/Users/naokitakatani/Documents/datasets/CREMA-D/1005_ITH_DIS_XX.wav
female_happy,TESS,/Users/naokitakatani/Documents/datasets/TESS/OAF_happy/OAF_bought_happy.wav
female_fear,RAVDESS,/Users/naokitakatani/Documents/datasets/RAVDESS/Actor_04/03-01-06-02-02-01-04.wav
female_fear,CREMA,/Users/naokitakatani/Documents/datasets/CREMA-D/1029_WSI_FEA_XX.wav
male_disgust,CREMA,/Users/naokitakatani/Documents/datasets/CREMA-D/1088_IEO_DIS_LO.wav
female_sad,TESS,/Users/naokitakatani/Documents/datasets/TESS/YAF_sad/YAF_thin_sad.wav
female_disgust,TESS,/Users/naokitakatani/Documents/datasets/TESS/YAF_disgust/YAF_lid_disgust.wav
female_sad,CREMA,/Users/naokitakatani/Documents/datasets/CREMA-D/1002_TIE_SAD_XX.wav
male_angry,CREMA,/Users/naokitakatani/Documents/datasets/CREMA-D/1040_IOM_ANG_XX.wav
female_sad,CREMA,/Users/naokitakatani/Documents/datasets/CREMA-D/1054_IEO_SAD_MD.wav
female_disgust,CREMA,/Users/naokitakatani/Documents/datasets/CREMA-D/1024_IOM_DIS_XX.wav
male_sad,CREMA,/Users/naokitakatani/Documents/datasets/CREMA-D/1065_TIE_SAD_XX.wav
female_sad,CREMA,/Users/naokitakatani/Documents/datasets/CREMA-D/1029_DFA_SAD_XX.wav
female_sad,TESS,/Users/naokitakatani/Documents/datasets/TESS/YAF_sad/YAF_germ_sad.wav
male_angry,CREMA,/Users/naokitakatani/Documents/datasets/CREMA-D/1011_ITS_ANG_XX.wav
male_angry,CREMA,/Users/naokitakatani/Documents/datasets/CREMA-D/1069_TAI_ANG_XX.wav
female_surprise,TESS,/Users/naokitakatani/Documents/datasets/TESS/OAF_Pleasant_surprise/OAF_yearn_ps.wav
male_disgust,CREMA,/Users/naokitakatani/Documents/datasets/CREMA-D/1017_TAI_DIS_XX.wav
female_neutral,CREMA,/Users/naokitakatani/Documents/datasets/CREMA-D/1072_TSI_NEU_XX.wav
male_fear,RAVDESS,/Users/naokitakatani/Documents/datasets/RAVDESS/Actor_09/03-01-06-02-01-01-09.wav
female_sad,CREMA,/Users/naokitakatani/Documents/datasets/CREMA-D/1004_IOM_SAD_XX.wav
female_angry,TESS,/Users/naokitakatani/Documents/datasets/TESS/OAF_angry/OAF_make_angry.wav
female_angry,CREMA,/Users/naokitakatani/Documents/datasets/CREMA-D/1052_WSI_ANG_XX.wav
male_disgust,CREMA,/Users/naokitakatani/Documents/datasets/CREMA-D/1077_ITH_DIS_XX.wav
male_sad,RAVDESS,/Users/naokitakatani/Documents/datasets/RAVDESS/Actor_09/03-01-04-01-01-01-09.wav
male_neutral,CREMA,/Users/naokitakatani/Documents/datasets/CREMA-D/1031_IEO_NEU_XX.wav
female_happy,CREMA,/Users/naokitakatani/Documents/datasets/CREMA-D/1025_IOM_HAP_XX.wav
male_fear,CREMA,/Users/naokitakatani/Documents/datasets/CREMA-D/1005_TIE_FEA_XX.wav
male_angry,CREMA,/Users/naokitakatani/Documents/datasets/CREMA-D/1019_WSI_ANG_XX.wav
female_happy,TESS,/Users/naokitakatani/Documents/datasets/TESS/YAF_happy/YAF_near_happy.wav
female_happy,TESS,/Users/naokitakatani/Documents/datasets/TESS/OAF_happy/OAF_haze_happy.wav
female_angry,RAVDESS,/Users/naokitakatani/Documents/datasets/RAVDESS/Actor_24/03-01-05-02-02-02-24.wav
female_neutral,CREMA,/Users/naokitakatani/Documents/datasets/CREMA-D/1078_IWW_NEU_XX.wav
female_sad,RAVDESS,/Users/naokitakatani/Documents/datasets/RAVDESS/Actor_16/03-01-04-01-01-01-16.wav
male_sad,CREMA,/Users/naokitakatani/Documents/datasets/CREMA-D/1040_TAI_SAD_XX.wav
female_happy,CREMA,/Users/naokitakatani/Documents/datasets/CREMA-D/1076_IEO_HAP_MD.wav
female_happy,CREMA,/Users/naokitakatani/Documents/datasets/CREMA-D/1021_IEO_HAP_HI.wav
male_neutral,CREMA,/Users/naokitakatani/Documents/datasets/CREMA-D/1027_TAI_NEU_XX.wav
male_happy,CREMA,/Users/naokitakatani/Documents/datasets/CREMA-D/1067_ITS_HAP_XX.wav
female_neutral,CREMA,/Users/naokitakatani/Documents/datasets/CREMA-D/1010_ITH_NEU_XX.wav
female_happy,CREMA,/Users/naokitakatani/Documents/datasets/CREMA-D/1053_ITS_HAP_XX.wav
male_fear,CREMA,/Users/naokitakatani/Documents/datasets/CREMA-D/1032_IWW_FEA_XX.wav
female_angry,TESS,/Users/naokitakatani/Documents/datasets/TESS/OAF_angry/OAF_jug_angry.wav
male_angry,CREMA,/Users/naokitakatani/Documents/datasets/CREMA-D/1044_TAI_ANG_XX.wav
male_disgust,RAVDESS,/Users/naokitakatani/Documents/datasets/RAVDESS/Actor_11/03-01-07-01-01-02-11.wav
female_disgust,CREMA,/Users/naokitakatani/Documents/datasets/CREMA-D/1082_WSI_DIS_XX.wav
male_happy,CREMA,/Users/naokitakatani/Documents/datasets/CREMA-D/1070_IEO_HAP_MD.wav
female_disgust,TESS,/Users/naokitakatani/Documents/datasets/TESS/YAF_disgust/YAF_chain_disgust.wav
male_angry,CREMA,/Users/naokitakatani/Documents/datasets/CREMA-D/1014_TAI_ANG_XX.wav
male_happy,RAVDESS,/Users/naokitakatani/Documents/datasets/RAVDESS/Actor_19/03-01-03-01-02-02-19.wav
male_disgust,CREMA,/Users/naokitakatani/Documents/datasets/CREMA-D/1044_DFA_DIS_XX.wav
female_neutral,CREMA,/Users/naokitakatani/Documents/datasets/CREMA-D/1073_TSI_NEU_XX.wav
female_sad,TESS,/Users/naokitakatani/Documents/datasets/TESS/YAF_sad/YAF_take_sad.wav
female_sad,CREMA,/Users/naokitakatani/Documents/datasets/CREMA-D/1024_IWW_SAD_XX.wav
female_sad,TESS,/Users/naokitakatani/Documents/datasets/TESS/OAF_Sad/OAF_vote_sad.wav
female_neutral,CREMA,/Users/naokitakatani/Documents/datasets/CREMA-D/1029_DFA_NEU_XX.wav
female_fear,CREMA,/Users/naokitakatani/Documents/datasets/CREMA-D/1018_DFA_FEA_XX.wav
female_angry,CREMA,/Users/naokitakatani/Documents/datasets/CREMA-D/1013_IWW_ANG_XX.wav
male_neutral,RAVDESS,/Users/naokitakatani/Documents/datasets/RAVDESS/Actor_05/03-01-02-02-02-01-05.wav
male_neutral,CREMA,/Users/naokitakatani/Documents/datasets/CREMA-D/1059_IWL_NEU_XX.wav
female_surprise,RAVDESS,/Users/naokitakatani/Documents/datasets/RAVDESS/Actor_08/03-01-08-02-01-02-08.wav
female_sad,TESS,/Users/naokitakatani/Documents/datasets/TESS/YAF_sad/YAF_gin_sad.wav
female_angry,TESS,/Users/naokitakatani/Documents/datasets/TESS/OAF_angry/OAF_hire_angry.wav
male_happy,CREMA,/Users/naokitakatani/Documents/datasets/CREMA-D/1042_TIE_HAP_XX.wav
male_disgust,CREMA,/Users/naokitakatani/Documents/datasets/CREMA-D/1090_ITH_DIS_XX.wav
male_sad,CREMA,/Users/naokitakatani/Documents/datasets/CREMA-D/1069_DFA_SAD_XX.wav
female_disgust,CREMA,/Users/naokitakatani/Documents/datasets/CREMA-D/1008_TIE_DIS_XX.wav
female_happy,TESS,/Users/naokitakatani/Documents/datasets/TESS/OAF_happy/OAF_germ_happy.wav
female_sad,RAVDESS,/Users/naokitakatani/Documents/datasets/RAVDESS/Actor_22/03-01-04-01-01-02-22.wav
male_happy,CREMA,/Users/naokitakatani/Documents/datasets/CREMA-D/1088_IWL_HAP_XX.wav
female_happy,CREMA,/Users/naokitakatani/Documents/datasets/CREMA-D/1049_ITH_HAP_XX.wav
male_angry,CREMA,/Users/naokitakatani/Documents/datasets/CREMA-D/1086_IOM_ANG_XX.wav
male_sad,CREMA,/Users/naokitakatani/Documents/datasets/CREMA-D/1067_ITH_SAD_XX.wav
male_happy,CREMA,/Users/naokitakatani/Documents/datasets/CREMA-D/1064_IEO_HAP_MD.wav
female_happy,CREMA,/Users/naokitakatani/Documents/datasets/CREMA-D/1053_IOM_HAP_XX.wav
male_neutral,SAVEE,/Users/naokitakatani/Documents/datasets/SAVEE/JE_n11.wav
female_sad,TESS,/Users/naokitakatani/Documents/datasets/TESS/OAF_Sad/OAF_turn_sad.wav
male_happy,SAVEE,/Users/naokitakatani/Documents/datasets/SAVEE/JE_h04.wav
female_sad,CREMA,/Users/naokitakatani/Documents/datasets/CREMA-D/1054_WSI_SAD_XX.wav
female_neutral,CREMA,/Users/naokitakatani/Documents/datasets/CREMA-D/1073_ITH_NEU_XX.wav
male_surprise,RAVDESS,/Users/naokitakatani/Documents/datasets/RAVDESS/Actor_19/03-01-08-01-01-01-19.wav
female_fear,TESS,/Users/naokitakatani/Documents/datasets/TESS/YAF_fear/YAF_mob_fear.wav
female_sad,CREMA,/Users/naokitakatani/Documents/datasets/CREMA-D/1089_ITH_SAD_XX.wav
male_disgust,CREMA,/Users/naokitakatani/Documents/datasets/CREMA-D/1068_ITH_DIS_XX.wav
male_neutral,CREMA,/Users/naokitakatani/Documents/datasets/CREMA-D/1085_IOM_NEU_XX.wav
female_angry,TESS,/Users/naokitakatani/Documents/datasets/TESS/OAF_angry/OAF_door_angry.wav
male_fear,CREMA,/Users/naokitakatani/Documents/datasets/CREMA-D/1036_IWL_FEA_XX.wav
male_happy,CREMA,/Users/naokitakatani/Documents/datasets/CREMA-D/1033_IOM_HAP_XX.wav
female_happy,TESS,/Users/naokitakatani/Documents/datasets/TESS/OAF_happy/OAF_gaze_happy.wav
male_fear,CREMA,/Users/naokitakatani/Documents/datasets/CREMA-D/1022_ITH_FEA_XX.wav
female_disgust,CREMA,/Users/naokitakatani/Documents/datasets/CREMA-D/1046_IWL_DIS_XX.wav
male_disgust,SAVEE,/Users/naokitakatani/Documents/datasets/SAVEE/DC_d14.wav
female_neutral,CREMA,/Users/naokitakatani/Documents/datasets/CREMA-D/1002_WSI_NEU_XX.wav
female_neutral,TESS,/Users/naokitakatani/Documents/datasets/TESS/OAF_neutral/OAF_thumb_neutral.wav
male_fear,CREMA,/Users/naokitakatani/Documents/datasets/CREMA-D/1001_IWL_FEA_XX.wav
female_sad,CREMA,/Users/naokitakatani/Documents/datasets/CREMA-D/1058_WSI_SAD_XX.wav
female_disgust,CREMA,/Users/naokitakatani/Documents/datasets/CREMA-D/1013_ITH_DIS_XX.wav
male_neutral,CREMA,/Users/naokitakatani/Documents/datasets/CREMA-D/1044_IEO_NEU_XX.wav
male_surprise,RAVDESS,/Users/naokitakatani/Documents/datasets/RAVDESS/Actor_23/03-01-08-02-02-02-23.wav
male_disgust,CREMA,/Users/naokitakatani/Documents/datasets/CREMA-D/1083_IEO_DIS_LO.wav
female_angry,CREMA,/Users/naokitakatani/Documents/datasets/CREMA-D/1078_IWW_ANG_XX.wav
male_happy,CREMA,/Users/naokitakatani/Documents/datasets/CREMA-D/1057_IWW_HAP_XX.wav
male_fear,RAVDESS,/Users/naokitakatani/Documents/datasets/RAVDESS/Actor_21/03-01-06-01-02-02-21.wav
female_sad,CREMA,/Users/naokitakatani/Documents/datasets/CREMA-D/1078_IEO_SAD_MD.wav
female_fear,TESS,/Users/naokitakatani/Documents/datasets/TESS/OAF_Fear/OAF_shout_fear.wav
female_sad,TESS,/Users/naokitakatani/Documents/datasets/TESS/OAF_Sad/OAF_hall_sad.wav
female_happy,TESS,/Users/naokitakatani/Documents/datasets/TESS/OAF_happy/OAF_bar_happy.wav
male_sad,CREMA,/Users/naokitakatani/Documents/datasets/CREMA-D/1045_ITH_SAD_XX.wav
male_angry,CREMA,/Users/naokitakatani/Documents/datasets/CREMA-D/1027_IWL_ANG_XX.wav
female_surprise,TESS,/Users/naokitakatani/Documents/datasets/TESS/OAF_Pleasant_surprise/OAF_numb_ps.wav
female_surprise,RAVDESS,/Users/naokitakatani/Documents/datasets/RAVDESS/Actor_08/03-01-08-02-01-01-08.wav
female_fear,TESS,/Users/naokitakatani/Documents/datasets/TESS/YAF_fear/YAF_third_fear.wav
male_sad,CREMA,/Users/naokitakatani/Documents/datasets/CREMA-D/1059_DFA_SAD_XX.wav
male_sad,CREMA,/Users/naokitakatani/Documents/datasets/CREMA-D/1068_TSI_SAD_XX.wav
female_surprise,TESS,/Users/naokitakatani/Documents/datasets/TESS/OAF_Pleasant_surprise/OAF_cheek_ps.wav
female_sad,CREMA,/Users/naokitakatani/Documents/datasets/CREMA-D/1024_IEO_SAD_HI.wav
female_fear,CREMA,/Users/naokitakatani/Documents/datasets/CREMA-D/1020_IOM_FEA_XX.wav
female_happy,CREMA,/Users/naokitakatani/Documents/datasets/CREMA-D/1029_IWW_HAP_XX.wav
male_surprise,SAVEE,/Users/naokitakatani/Documents/datasets/SAVEE/KL_su02.wav
female_fear,CREMA,/Users/naokitakatani/Documents/datasets/CREMA-D/1004_MTI_FEA_XX.wav
male_disgust,CREMA,/Users/naokitakatani/Documents/datasets/CREMA-D/1023_IWW_DIS_XX.wav
female_angry,CREMA,/Users/naokitakatani/Documents/datasets/CREMA-D/1006_TAI_ANG_XX.wav
female_angry,CREMA,/Users/naokitakatani/Documents/datasets/CREMA-D/1091_WSI_ANG_XX.wav
female_sad,TESS,/Users/naokitakatani/Documents/datasets/TESS/YAF_sad/YAF_fall_sad.wav
female_angry,TESS,/Users/naokitakatani/Documents/datasets/TESS/OAF_angry/OAF_walk_angry.wav
male_disgust,RAVDESS,/Users/naokitakatani/Documents/datasets/RAVDESS/Actor_13/03-01-07-01-02-01-13.wav
female_disgust,RAVDESS,/Users/naokitakatani/Documents/datasets/RAVDESS/Actor_18/03-01-07-02-01-02-18.wav
male_fear,CREMA,/Users/naokitakatani/Documents/datasets/CREMA-D/1045_TSI_FEA_XX.wav
male_sad,CREMA,/Users/naokitakatani/Documents/datasets/CREMA-D/1059_WSI_SAD_XX.wav
female_neutral,TESS,/Users/naokitakatani/Documents/datasets/TESS/YAF_neutral/YAF_love_neutral.wav
female_surprise,TESS,/Users/naokitakatani/Documents/datasets/TESS/YAF_pleasant_surprised/YAF_team_ps.wav
male_happy,CREMA,/Users/naokitakatani/Documents/datasets/CREMA-D/1088_IOM_HAP_XX.wav
male_fear,RAVDESS,/Users/naokitakatani/Documents/datasets/RAVDESS/Actor_07/03-01-06-01-02-01-07.wav
male_surprise,RAVDESS,/Users/naokitakatani/Documents/datasets/RAVDESS/Actor_05/03-01-08-01-01-01-05.wav
female_neutral,CREMA,/Users/naokitakatani/Documents/datasets/CREMA-D/1055_DFA_NEU_XX.wav
male_happy,SAVEE,/Users/naokitakatani/Documents/datasets/SAVEE/JE_h02.wav
female_fear,TESS,/Users/naokitakatani/Documents/datasets/TESS/OAF_Fear/OAF_hole_fear.wav
female_angry,CREMA,/Users/naokitakatani/Documents/datasets/CREMA-D/1047_WSI_ANG_XX.wav
male_surprise,RAVDESS,/Users/naokitakatani/Documents/datasets/RAVDESS/Actor_09/03-01-08-02-01-02-09.wav
male_happy,CREMA,/Users/naokitakatani/Documents/datasets/CREMA-D/1085_TAI_HAP_XX.wav
male_happy,CREMA,/Users/naokitakatani/Documents/datasets/CREMA-D/1016_IEO_HAP_MD.wav
male_angry,CREMA,/Users/naokitakatani/Documents/datasets/CREMA-D/1090_IWW_ANG_XX.wav
male_happy,CREMA,/Users/naokitakatani/Documents/datasets/CREMA-D/1041_IWL_HAP_XX.wav
female_surprise,RAVDESS,/Users/naokitakatani/Documents/datasets/RAVDESS/Actor_14/03-01-08-01-01-01-14.wav
male_fear,CREMA,/Users/naokitakatani/Documents/datasets/CREMA-D/1035_MTI_FEA_XX.wav
male_neutral,RAVDESS,/Users/naokitakatani/Documents/datasets/RAVDESS/Actor_01/03-01-01-01-02-01-01.wav
female_surprise,TESS,/Users/naokitakatani/Documents/datasets/TESS/YAF_pleasant_surprised/YAF_beg_ps.wav
female_surprise,RAVDESS,/Users/naokitakatani/Documents/datasets/RAVDESS/Actor_06/03-01-08-01-02-01-06.wav
male_neutral,RAVDESS,/Users/naokitakatani/Documents/datasets/RAVDESS/Actor_21/03-01-02-02-01-02-21.wav
female_sad,TESS,/Users/naokitakatani/Documents/datasets/TESS/OAF_Sad/OAF_get_sad.wav
female_angry,RAVDESS,/Users/naokitakatani/Documents/datasets/RAVDESS/Actor_22/03-01-05-01-02-02-22.wav
female_disgust,CREMA,/Users/naokitakatani/Documents/datasets/CREMA-D/1013_IEO_DIS_LO.wav
male_happy,CREMA,/Users/naokitakatani/Documents/datasets/CREMA-D/1014_TAI_HAP_XX.wav
female_angry,CREMA,/Users/naokitakatani/Documents/datasets/CREMA-D/1046_WSI_ANG_XX.wav
female_neutral,CREMA,/Users/naokitakatani/Documents/datasets/CREMA-D/1006_IWW_NEU_XX.wav
female_disgust,CREMA,/Users/naokitakatani/Documents/datasets/CREMA-D/1055_TAI_DIS_XX.wav
female_sad,TESS,/Users/naokitakatani/Documents/datasets/TESS/YAF_sad/YAF_tip_sad.wav
male_neutral,CREMA,/Users/naokitakatani/Documents/datasets/CREMA-D/1041_ITS_NEU_XX.wav
female_angry,CREMA,/Users/naokitakatani/Documents/datasets/CREMA-D/1084_TSI_ANG_XX.wav
female_surprise,TESS,/Users/naokitakatani/Documents/datasets/TESS/OAF_Pleasant_surprise/OAF_half_ps.wav
male_disgust,SAVEE,/Users/naokitakatani/Documents/datasets/SAVEE/JE_d10.wav
female_sad,CREMA,/Users/naokitakatani/Documents/datasets/CREMA-D/1082_MTI_SAD_XX.wav
male_neutral,CREMA,/Users/naokitakatani/Documents/datasets/CREMA-D/1064_TAI_NEU_XX.wav
male_neutral,CREMA,/Users/naokitakatani/Documents/datasets/CREMA-D/1011_IOM_NEU_XX.wav
female_neutral,TESS,/Users/naokitakatani/Documents/datasets/TESS/YAF_neutral/YAF_lease_neutral.wav
male_sad,CREMA,/Users/naokitakatani/Documents/datasets/CREMA-D/1044_TSI_SAD_XX.wav
female_disgust,CREMA,/Users/naokitakatani/Documents/datasets/CREMA-D/1003_IWL_DIS_XX.wav
female_angry,CREMA,/Users/naokitakatani/Documents/datasets/CREMA-D/1030_TSI_ANG_XX.wav
male_angry,CREMA,/Users/naokitakatani/Documents/datasets/CREMA-D/1023_MTI_ANG_XX.wav
female_disgust,CREMA,/Users/naokitakatani/Documents/datasets/CREMA-D/1010_MTI_DIS_XX.wav
female_neutral,TESS,/Users/naokitakatani/Documents/datasets/TESS/YAF_neutral/YAF_rush_neutral.wav
female_disgust,CREMA,/Users/naokitakatani/Documents/datasets/CREMA-D/1084_TAI_DIS_XX.wav
male_angry,CREMA,/Users/naokitakatani/Documents/datasets/CREMA-D/1083_IEO_ANG_LO.wav
female_disgust,TESS,/Users/naokitakatani/Documents/datasets/TESS/OAF_disgust/OAF_sour_disgust.wav
female_neutral,TESS,/Users/naokitakatani/Documents/datasets/TESS/OAF_neutral/OAF_kick_neutral.wav
female_angry,TESS,/Users/naokitakatani/Documents/datasets/TESS/OAF_angry/OAF_reach_angry.wav
male_angry,CREMA,/Users/naokitakatani/Documents/datasets/CREMA-D/1042_DFA_ANG_XX.wav
female_sad,CREMA,/Users/naokitakatani/Documents/datasets/CREMA-D/1028_ITH_SAD_XX.wav
male_sad,CREMA,/Users/naokitakatani/Documents/datasets/CREMA-D/1051_IWL_SAD_XX.wav
male_disgust,CREMA,/Users/naokitakatani/Documents/datasets/CREMA-D/1036_TAI_DIS_XX.wav
male_surprise,RAVDESS,/Users/naokitakatani/Documents/datasets/RAVDESS/Actor_07/03-01-08-01-01-02-07.wav
female_angry,CREMA,/Users/naokitakatani/Documents/datasets/CREMA-D/1075_IOM_ANG_XX.wav
male_neutral,CREMA,/Users/naokitakatani/Documents/datasets/CREMA-D/1011_IWW_NEU_XX.wav
female_disgust,CREMA,/Users/naokitakatani/Documents/datasets/CREMA-D/1043_TSI_DIS_XX.wav
male_angry,CREMA,/Users/naokitakatani/Documents/datasets/CREMA-D/1044_IOM_ANG_XX.wav
female_surprise,TESS,/Users/naokitakatani/Documents/datasets/TESS/OAF_Pleasant_surprise/OAF_hire_ps.wav
female_neutral,CREMA,/Users/naokitakatani/Documents/datasets/CREMA-D/1012_TIE_NEU_XX.wav
female_angry,CREMA,/Users/naokitakatani/Documents/datasets/CREMA-D/1004_ITS_ANG_XX.wav
male_neutral,CREMA,/Users/naokitakatani/Documents/datasets/CREMA-D/1083_IOM_NEU_XX.wav
female_sad,RAVDESS,/Users/naokitakatani/Documents/datasets/RAVDESS/Actor_24/03-01-04-02-01-02-24.wav
female_sad,TESS,/Users/naokitakatani/Documents/datasets/TESS/OAF_Sad/OAF_wife_sad.wav
female_sad,RAVDESS,/Users/naokitakatani/Documents/datasets/RAVDESS/Actor_20/03-01-04-01-01-02-20.wav
female_disgust,RAVDESS,/Users/naokitakatani/Documents/datasets/RAVDESS/Actor_22/03-01-07-02-02-01-22.wav
female_sad,CREMA,/Users/naokitakatani/Documents/datasets/CREMA-D/1049_TSI_SAD_XX.wav
female_angry,TESS,/Users/naokitakatani/Documents/datasets/TESS/YAF_angry/YAF_choice_angry.wav
female_happy,CREMA,/Users/naokitakatani/Documents/datasets/CREMA-D/1009_IOM_HAP_XX.wav
male_happy,CREMA,/Users/naokitakatani/Documents/datasets/CREMA-D/1040_ITS_HAP_XX.wav
female_neutral,CREMA,/Users/naokitakatani/Documents/datasets/CREMA-D/1054_TAI_NEU_XX.wav
male_fear,CREMA,/Users/naokitakatani/Documents/datasets/CREMA-D/1014_TSI_FEA_XX.wav
male_surprise,SAVEE,/Users/naokitakatani/Documents/datasets/SAVEE/JK_su03.wav
female_angry,CREMA,/Users/naokitakatani/Documents/datasets/CREMA-D/1091_IOM_ANG_XX.wav
male_sad,RAVDESS,/Users/naokitakatani/Documents/datasets/RAVDESS/Actor_15/03-01-04-01-01-01-15.wav
female_neutral,TESS,/Users/naokitakatani/Documents/datasets/TESS/OAF_neutral/OAF_raid_neutral.wav
male_sad,CREMA,/Users/naokitakatani/Documents/datasets/CREMA-D/1048_IEO_SAD_MD.wav
female_fear,CREMA,/Users/naokitakatani/Documents/datasets/CREMA-D/1007_IWW_FEA_XX.wav
male_angry,CREMA,/Users/naokitakatani/Documents/datasets/CREMA-D/1062_ITH_ANG_XX.wav
male_neutral,CREMA,/Users/naokitakatani/Documents/datasets/CREMA-D/1026_TSI_NEU_XX.wav
female_happy,CREMA,/Users/naokitakatani/Documents/datasets/CREMA-D/1009_IEO_HAP_HI.wav
female_happy,CREMA,/Users/naokitakatani/Documents/datasets/CREMA-D/1030_IEO_HAP_HI.wav
female_happy,CREMA,/Users/naokitakatani/Documents/datasets/CREMA-D/1002_TSI_HAP_XX.wav
male_happy,CREMA,/Users/naokitakatani/Documents/datasets/CREMA-D/1022_WSI_HAP_XX.wav
female_angry,CREMA,/Users/naokitakatani/Documents/datasets/CREMA-D/1029_TSI_ANG_XX.wav
female_sad,CREMA,/Users/naokitakatani/Documents/datasets/CREMA-D/1004_IEO_SAD_MD.wav
male_sad,CREMA,/Users/naokitakatani/Documents/datasets/CREMA-D/1080_IEO_SAD_MD.wav
female_disgust,TESS,/Users/naokitakatani/Documents/datasets/TESS/OAF_disgust/OAF_tool_disgust.wav
male_happy,CREMA,/Users/naokitakatani/Documents/datasets/CREMA-D/1031_TAI_HAP_XX.wav
female_happy,TESS,/Users/naokitakatani/Documents/datasets/TESS/YAF_happy/YAF_bone_happy.wav
male_neutral,CREMA,/Users/naokitakatani/Documents/datasets/CREMA-D/1040_ITH_NEU_XX.wav
male_neutral,RAVDESS,/Users/naokitakatani/Documents/datasets/RAVDESS/Actor_03/03-01-02-02-02-01-03.wav
female_fear,TESS,/Users/naokitakatani/Documents/datasets/TESS/OAF_Fear/OAF_get_fear.wav
female_fear,CREMA,/Users/naokitakatani/Documents/datasets/CREMA-D/1049_TSI_FEA_XX.wav
female_sad,CREMA,/Users/naokitakatani/Documents/datasets/CREMA-D/1058_TIE_SAD_XX.wav
male_happy,CREMA,/Users/naokitakatani/Documents/datasets/CREMA-D/1015_DFA_HAP_XX.wav
female_happy,CREMA,/Users/naokitakatani/Documents/datasets/CREMA-D/1073_IEO_HAP_MD.wav
male_angry,RAVDESS,/Users/naokitakatani/Documents/datasets/RAVDESS/Actor_09/03-01-05-01-02-02-09.wav
female_disgust,CREMA,/Users/naokitakatani/Documents/datasets/CREMA-D/1012_MTI_DIS_XX.wav
male_fear,CREMA,/Users/naokitakatani/Documents/datasets/CREMA-D/1064_TIE_FEA_XX.wav
female_happy,TESS,/Users/naokitakatani/Documents/datasets/TESS/YAF_happy/YAF_cause_happy.wav
male_disgust,CREMA,/Users/naokitakatani/Documents/datasets/CREMA-D/1036_IEO_DIS_LO.wav
female_sad,CREMA,/Users/naokitakatani/Documents/datasets/CREMA-D/1058_TSI_SAD_XX.wav
male_fear,CREMA,/Users/naokitakatani/Documents/datasets/CREMA-D/1062_TSI_FEA_XX.wav
male_happy,CREMA,/Users/naokitakatani/Documents/datasets/CREMA-D/1067_IEO_HAP_LO.wav
female_neutral,CREMA,/Users/naokitakatani/Documents/datasets/CREMA-D/1021_WSI_NEU_XX.wav
male_happy,CREMA,/Users/naokitakatani/Documents/datasets/CREMA-D/1080_WSI_HAP_XX.wav
female_neutral,TESS,/Users/naokitakatani/Documents/datasets/TESS/YAF_neutral/YAF_week_neutral.wav
female_neutral,CREMA,/Users/naokitakatani/Documents/datasets/CREMA-D/1024_ITS_NEU_XX.wav
female_fear,RAVDESS,/Users/naokitakatani/Documents/datasets/RAVDESS/Actor_12/03-01-06-02-02-01-12.wav
female_angry,CREMA,/Users/naokitakatani/Documents/datasets/CREMA-D/1060_TSI_ANG_XX.wav
female_disgust,CREMA,/Users/naokitakatani/Documents/datasets/CREMA-D/1060_WSI_DIS_XX.wav
male_sad,CREMA,/Users/naokitakatani/Documents/datasets/CREMA-D/1034_TSI_SAD_XX.wav
male_happy,SAVEE,/Users/naokitakatani/Documents/datasets/SAVEE/DC_h13.wav
male_sad,CREMA,/Users/naokitakatani/Documents/datasets/CREMA-D/1064_TSI_SAD_XX.wav
female_surprise,TESS,/Users/naokitakatani/Documents/datasets/TESS/YAF_pleasant_surprised/YAF_pike_ps.wav
female_disgust,CREMA,/Users/naokitakatani/Documents/datasets/CREMA-D/1078_TIE_DIS_XX.wav
male_fear,SAVEE,/Users/naokitakatani/Documents/datasets/SAVEE/JK_f08.wav
female_sad,CREMA,/Users/naokitakatani/Documents/datasets/CREMA-D/1073_IEO_SAD_HI.wav
female_happy,CREMA,/Users/naokitakatani/Documents/datasets/CREMA-D/1012_MTI_HAP_XX.wav
female_fear,TESS,/Users/naokitakatani/Documents/datasets/TESS/OAF_Fear/OAF_white_fear.wav
female_angry,CREMA,/Users/naokitakatani/Documents/datasets/CREMA-D/1021_MTI_ANG_XX.wav
female_neutral,CREMA,/Users/naokitakatani/Documents/datasets/CREMA-D/1043_ITH_NEU_XX.wav
female_happy,CREMA,/Users/naokitakatani/Documents/datasets/CREMA-D/1003_IEO_HAP_LO.wav
male_angry,CREMA,/Users/naokitakatani/Documents/datasets/CREMA-D/1059_TIE_ANG_XX.wav
female_disgust,TESS,/Users/naokitakatani/Documents/datasets/TESS/OAF_disgust/OAF_young_disgust.wav
female_surprise,TESS,/Users/naokitakatani/Documents/datasets/TESS/YAF_pleasant_surprised/YAF_when_ps.wav
male_disgust,CREMA,/Users/naokitakatani/Documents/datasets/CREMA-D/1035_MTI_DIS_XX.wav
male_neutral,SAVEE,/Users/naokitakatani/Documents/datasets/SAVEE/DC_n02.wav
female_angry,CREMA,/Users/naokitakatani/Documents/datasets/CREMA-D/1082_IEO_ANG_MD.wav
male_happy,CREMA,/Users/naokitakatani/Documents/datasets/CREMA-D/1068_IEO_HAP_LO.wav
male_disgust,CREMA,/Users/naokitakatani/Documents/datasets/CREMA-D/1086_IWL_DIS_XX.wav
female_sad,CREMA,/Users/naokitakatani/Documents/datasets/CREMA-D/1049_WSI_SAD_XX.wav
female_angry,RAVDESS,/Users/naokitakatani/Documents/datasets/RAVDESS/Actor_12/03-01-05-01-01-01-12.wav
female_angry,TESS,/Users/naokitakatani/Documents/datasets/TESS/YAF_angry/YAF_lean_angry.wav
male_sad,CREMA,/Users/naokitakatani/Documents/datasets/CREMA-D/1077_ITS_SAD_XX.wav
male_angry,CREMA,/Users/naokitakatani/Documents/datasets/CREMA-D/1071_IWL_ANG_XX.wav
female_disgust,TESS,/Users/naokitakatani/Documents/datasets/TESS/YAF_disgust/YAF_pearl_disgust.wav
male_happy,CREMA,/Users/naokitakatani/Documents/datasets/CREMA-D/1033_IEO_HAP_HI.wav
female_sad,TESS,/Users/naokitakatani/Documents/datasets/TESS/YAF_sad/YAF_wire_sad.wav
female_angry,TESS,/Users/naokitakatani/Documents/datasets/TESS/YAF_angry/YAF_live_angry.wav
male_surprise,SAVEE,/Users/naokitakatani/Documents/datasets/SAVEE/KL_su10.wav
female_surprise,TESS,/Users/naokitakatani/Documents/datasets/TESS/OAF_Pleasant_surprise/OAF_bar_ps.wav
male_surprise,SAVEE,/Users/naokitakatani/Documents/datasets/SAVEE/JK_su14.wav
female_fear,CREMA,/Users/naokitakatani/Documents/datasets/CREMA-D/1047_TAI_FEA_XX.wav
female_angry,TESS,/Users/naokitakatani/Documents/datasets/TESS/OAF_angry/OAF_take_angry.wav
female_surprise,RAVDESS,/Users/naokitakatani/Documents/datasets/RAVDESS/Actor_10/03-01-08-01-02-01-10.wav
male_fear,CREMA,/Users/naokitakatani/Documents/datasets/CREMA-D/1044_TIE_FEA_XX.wav
male_happy,CREMA,/Users/naokitakatani/Documents/datasets/CREMA-D/1083_TAI_HAP_XX.wav
male_happy,CREMA,/Users/naokitakatani/Documents/datasets/CREMA-D/1042_WSI_HAP_XX.wav
male_angry,CREMA,/Users/naokitakatani/Documents/datasets/CREMA-D/1032_WSI_ANG_XX.wav
female_happy,TESS,/Users/naokitakatani/Documents/datasets/TESS/YAF_happy/YAF_lid_happy.wav
female_fear,TESS,/Users/naokitakatani/Documents/datasets/TESS/YAF_fear/YAF_seize_fear.wav
female_angry,CREMA,/Users/naokitakatani/Documents/datasets/CREMA-D/1047_TSI_ANG_XX.wav
female_angry,TESS,/Users/naokitakatani/Documents/datasets/TESS/YAF_angry/YAF_book_angry.wav
male_angry,CREMA,/Users/naokitakatani/Documents/datasets/CREMA-D/1045_TIE_ANG_XX.wav
male_disgust,CREMA,/Users/naokitakatani/Documents/datasets/CREMA-D/1015_ITS_DIS_XX.wav
male_fear,CREMA,/Users/naokitakatani/Documents/datasets/CREMA-D/1040_DFA_FEA_XX.wav
female_angry,TESS,/Users/naokitakatani/Documents/datasets/TESS/YAF_angry/YAF_lore_angry.wav
female_surprise,TESS,/Users/naokitakatani/Documents/datasets/TESS/OAF_Pleasant_surprise/OAF_white_ps.wav
female_disgust,TESS,/Users/naokitakatani/Documents/datasets/TESS/OAF_disgust/OAF_chair_disgust.wav
female_disgust,RAVDESS,/Users/naokitakatani/Documents/datasets/RAVDESS/Actor_08/03-01-07-02-01-01-08.wav
male_happy,CREMA,/Users/naokitakatani/Documents/datasets/CREMA-D/1026_ITH_HAP_XX.wav
female_disgust,CREMA,/Users/naokitakatani/Documents/datasets/CREMA-D/1084_ITH_DIS_XX.wav
female_happy,RAVDESS,/Users/naokitakatani/Documents/datasets/RAVDESS/Actor_06/03-01-03-02-01-01-06.wav
female_happy,CREMA,/Users/naokitakatani/Documents/datasets/CREMA-D/1009_ITH_HAP_XX.wav
female_angry,CREMA,/Users/naokitakatani/Documents/datasets/CREMA-D/1082_MTI_ANG_XX.wav
female_happy,CREMA,/Users/naokitakatani/Documents/datasets/CREMA-D/1007_TAI_HAP_XX.wav
female_happy,CREMA,/Users/naokitakatani/Documents/datasets/CREMA-D/1091_IWW_HAP_XX.wav
male_angry,CREMA,/Users/naokitakatani/Documents/datasets/CREMA-D/1083_TSI_ANG_XX.wav
female_surprise,RAVDESS,/Users/naokitakatani/Documents/datasets/RAVDESS/Actor_24/03-01-08-01-01-01-24.wav
female_neutral,CREMA,/Users/naokitakatani/Documents/datasets/CREMA-D/1037_IWL_NEU_XX.wav
female_sad,TESS,/Users/naokitakatani/Documents/datasets/TESS/YAF_sad/YAF_raid_sad.wav
female_angry,TESS,/Users/naokitakatani/Documents/datasets/TESS/OAF_angry/OAF_good_angry.wav
female_happy,TESS,/Users/naokitakatani/Documents/datasets/TESS/OAF_happy/OAF_wag_happy.wav
male_angry,CREMA,/Users/naokitakatani/Documents/datasets/CREMA-D/1035_IOM_ANG_XX.wav
male_neutral,CREMA,/Users/naokitakatani/Documents/datasets/CREMA-D/1071_IWL_NEU_XX.wav
male_neutral,SAVEE,/Users/naokitakatani/Documents/datasets/SAVEE/KL_n16.wav
female_angry,TESS,/Users/naokitakatani/Documents/datasets/TESS/OAF_angry/OAF_shawl_angry.wav
female_fear,CREMA,/Users/naokitakatani/Documents/datasets/CREMA-D/1078_DFA_FEA_XX.wav
female_fear,TESS,/Users/naokitakatani/Documents/datasets/TESS/OAF_Fear/OAF_such_fear.wav
male_neutral,CREMA,/Users/naokitakatani/Documents/datasets/CREMA-D/1086_IWW_NEU_XX.wav
male_disgust,CREMA,/Users/naokitakatani/Documents/datasets/CREMA-D/1036_IWL_DIS_XX.wav
female_neutral,RAVDESS,/Users/naokitakatani/Documents/datasets/RAVDESS/Actor_02/03-01-02-01-02-01-02.wav
male_angry,CREMA,/Users/naokitakatani/Documents/datasets/CREMA-D/1011_TSI_ANG_XX.wav
male_angry,CREMA,/Users/naokitakatani/Documents/datasets/CREMA-D/1090_ITS_ANG_XX.wav
male_sad,CREMA,/Users/naokitakatani/Documents/datasets/CREMA-D/1019_TAI_SAD_XX.wav
female_disgust,TESS,/Users/naokitakatani/Documents/datasets/TESS/YAF_disgust/YAF_dog_disgust.wav
female_happy,RAVDESS,/Users/naokitakatani/Documents/datasets/RAVDESS/Actor_20/03-01-03-02-01-02-20.wav
male_happy,CREMA,/Users/naokitakatani/Documents/datasets/CREMA-D/1057_TIE_HAP_XX.wav
male_fear,CREMA,/Users/naokitakatani/Documents/datasets/CREMA-D/1057_MTI_FEA_XX.wav
female_sad,TESS,/Users/naokitakatani/Documents/datasets/TESS/YAF_sad/YAF_tough_sad.wav
male_happy,CREMA,/Users/naokitakatani/Documents/datasets/CREMA-D/1083_IEO_HAP_HI.wav
male_sad,RAVDESS,/Users/naokitakatani/Documents/datasets/RAVDESS/Actor_17/03-01-04-01-01-01-17.wav
female_happy,CREMA,/Users/naokitakatani/Documents/datasets/CREMA-D/1075_IEO_HAP_LO.wav
male_disgust,CREMA,/Users/naokitakatani/Documents/datasets/CREMA-D/1064_TSI_DIS_XX.wav
male_fear,RAVDESS,/Users/naokitakatani/Documents/datasets/RAVDESS/Actor_13/03-01-06-01-01-02-13.wav
male_disgust,CREMA,/Users/naokitakatani/Documents/datasets/CREMA-D/1031_IOM_DIS_XX.wav
female_sad,TESS,/Users/naokitakatani/Documents/datasets/TESS/OAF_Sad/OAF_goose_sad.wav
female_happy,CREMA,/Users/naokitakatani/Documents/datasets/CREMA-D/1046_ITS_HAP_XX.wav
female_happy,TESS,/Users/naokitakatani/Documents/datasets/TESS/YAF_happy/YAF_make_happy.wav
female_surprise,TESS,/Users/naokitakatani/Documents/datasets/TESS/OAF_Pleasant_surprise/OAF_pass_ps.wav
female_angry,CREMA,/Users/naokitakatani/Documents/datasets/CREMA-D/1012_IWL_ANG_XX.wav
female_sad,TESS,/Users/naokitakatani/Documents/datasets/TESS/YAF_sad/YAF_gaze_sad.wav
female_sad,TESS,/Users/naokitakatani/Documents/datasets/TESS/OAF_Sad/OAF_sub_sad.wav
female_disgust,CREMA,/Users/naokitakatani/Documents/datasets/CREMA-D/1006_TAI_DIS_XX.wav
female_angry,CREMA,/Users/naokitakatani/Documents/datasets/CREMA-D/1075_ITS_ANG_XX.wav
female_sad,CREMA,/Users/naokitakatani/Documents/datasets/CREMA-D/1078_IWW_SAD_XX.wav
female_fear,CREMA,/Users/naokitakatani/Documents/datasets/CREMA-D/1074_TAI_FEA_XX.wav
female_happy,CREMA,/Users/naokitakatani/Documents/datasets/CREMA-D/1006_IEO_HAP_MD.wav
female_happy,RAVDESS,/Users/naokitakatani/Documents/datasets/RAVDESS/Actor_24/03-01-03-02-01-01-24.wav
male_angry,CREMA,/Users/naokitakatani/Documents/datasets/CREMA-D/1044_IEO_ANG_MD.wav
male_disgust,CREMA,/Users/naokitakatani/Documents/datasets/CREMA-D/1071_DFA_DIS_XX.wav
female_sad,RAVDESS,/Users/naokitakatani/Documents/datasets/RAVDESS/Actor_14/03-01-04-02-02-02-14.wav
male_happy,CREMA,/Users/naokitakatani/Documents/datasets/CREMA-D/1051_IEO_HAP_HI.wav
female_disgust,CREMA,/Users/naokitakatani/Documents/datasets/CREMA-D/1047_ITH_DIS_XX.wav
male_disgust,CREMA,/Users/naokitakatani/Documents/datasets/CREMA-D/1027_TAI_DIS_XX.wav
female_fear,TESS,/Users/naokitakatani/Documents/datasets/TESS/OAF_Fear/OAF_cab_fear.wav
female_surprise,TESS,/Users/naokitakatani/Documents/datasets/TESS/YAF_pleasant_surprised/YAF_ton_ps.wav
male_fear,CREMA,/Users/naokitakatani/Documents/datasets/CREMA-D/1066_DFA_FEA_XX.wav
male_disgust,RAVDESS,/Users/naokitakatani/Documents/datasets/RAVDESS/Actor_23/03-01-07-02-02-02-23.wav
female_neutral,TESS,/Users/naokitakatani/Documents/datasets/TESS/OAF_neutral/OAF_wire_neutral.wav
male_neutral,RAVDESS,/Users/naokitakatani/Documents/datasets/RAVDESS/Actor_15/03-01-01-01-02-01-15.wav
female_fear,RAVDESS,/Users/naokitakatani/Documents/datasets/RAVDESS/Actor_18/03-01-06-01-02-01-18.wav
male_fear,CREMA,/Users/naokitakatani/Documents/datasets/CREMA-D/1081_IWW_FEA_XX.wav
female_neutral,RAVDESS,/Users/naokitakatani/Documents/datasets/RAVDESS/Actor_10/03-01-02-01-01-01-10.wav
female_surprise,TESS,/Users/naokitakatani/Documents/datasets/TESS/OAF_Pleasant_surprise/OAF_gin_ps.wav
female_happy,CREMA,/Users/naokitakatani/Documents/datasets/CREMA-D/1024_TSI_HAP_XX.wav
female_surprise,TESS,/Users/naokitakatani/Documents/datasets/TESS/OAF_Pleasant_surprise/OAF_shirt_ps.wav
male_happy,CREMA,/Users/naokitakatani/Documents/datasets/CREMA-D/1090_MTI_HAP_XX.wav
female_angry,RAVDESS,/Users/naokitakatani/Documents/datasets/RAVDESS/Actor_10/03-01-05-01-02-01-10.wav
female_neutral,TESS,/Users/naokitakatani/Documents/datasets/TESS/OAF_neutral/OAF_pad_neutral.wav
female_neutral,TESS,/Users/naokitakatani/Documents/datasets/TESS/OAF_neutral/OAF_tool_neutral.wav
male_fear,CREMA,/Users/naokitakatani/Documents/datasets/CREMA-D/1087_MTI_FEA_XX.wav
male_neutral,CREMA,/Users/naokitakatani/Documents/datasets/CREMA-D/1017_ITS_NEU_XX.wav
female_disgust,CREMA,/Users/naokitakatani/Documents/datasets/CREMA-D/1074_WSI_DIS_XX.wav
male_fear,SAVEE,/Users/naokitakatani/Documents/datasets/SAVEE/JK_f13.wav
female_disgust,RAVDESS,/Users/naokitakatani/Documents/datasets/RAVDESS/Actor_22/03-01-07-01-02-02-22.wav
male_disgust,CREMA,/Users/naokitakatani/Documents/datasets/CREMA-D/1048_IWW_DIS_XX.wav
male_neutral,CREMA,/Users/naokitakatani/Documents/datasets/CREMA-D/1065_ITH_NEU_XX.wav
female_happy,CREMA,/Users/naokitakatani/Documents/datasets/CREMA-D/1002_ITH_HAP_XX.wav
female_sad,TESS,/Users/naokitakatani/Documents/datasets/TESS/OAF_Sad/OAF_peg_sad.wav
female_disgust,CREMA,/Users/naokitakatani/Documents/datasets/CREMA-D/1075_IOM_DIS_XX.wav
female_disgust,CREMA,/Users/naokitakatani/Documents/datasets/CREMA-D/1009_ITH_DIS_XX.wav
male_disgust,CREMA,/Users/naokitakatani/Documents/datasets/CREMA-D/1070_MTI_DIS_XX.wav
female_disgust,TESS,/Users/naokitakatani/Documents/datasets/TESS/YAF_disgust/YAF_bar_disgust.wav
female_happy,TESS,/Users/naokitakatani/Documents/datasets/TESS/OAF_happy/OAF_judge_happy.wav
female_neutral,CREMA,/Users/naokitakatani/Documents/datasets/CREMA-D/1004_IWW_NEU_XX.wav
female_neutral,CREMA,/Users/naokitakatani/Documents/datasets/CREMA-D/1025_TSI_NEU_XX.wav
male_fear,RAVDESS,/Users/naokitakatani/Documents/datasets/RAVDESS/Actor_07/03-01-06-02-02-01-07.wav
male_sad,CREMA,/Users/naokitakatani/Documents/datasets/CREMA-D/1062_MTI_SAD_XX.wav
female_angry,TESS,/Users/naokitakatani/Documents/datasets/TESS/YAF_angry/YAF_tell_angry.wav
male_fear,CREMA,/Users/naokitakatani/Documents/datasets/CREMA-D/1015_TAI_FEA_XX.wav
female_neutral,TESS,/Users/naokitakatani/Documents/datasets/TESS/YAF_neutral/YAF_pike_neutral.wav
female_sad,TESS,/Users/naokitakatani/Documents/datasets/TESS/YAF_sad/YAF_fit_sad.wav
female_happy,CREMA,/Users/naokitakatani/Documents/datasets/CREMA-D/1054_TSI_HAP_XX.wav
female_happy,TESS,/Users/naokitakatani/Documents/datasets/TESS/OAF_happy/OAF_shirt_happy.wav
male_sad,CREMA,/Users/naokitakatani/Documents/datasets/CREMA-D/1057_IWL_SAD_XX.wav
male_disgust,CREMA,/Users/naokitakatani/Documents/datasets/CREMA-D/1017_IOM_DIS_XX.wav
male_surprise,RAVDESS,/Users/naokitakatani/Documents/datasets/RAVDESS/Actor_21/03-01-08-02-01-02-21.wav
female_neutral,CREMA,/Users/naokitakatani/Documents/datasets/CREMA-D/1072_TAI_NEU_XX.wav
female_happy,TESS,/Users/naokitakatani/Documents/datasets/TESS/YAF_happy/YAF_when_happy.wav
male_sad,CREMA,/Users/naokitakatani/Documents/datasets/CREMA-D/1080_MTI_SAD_XX.wav
female_surprise,TESS,/Users/naokitakatani/Documents/datasets/TESS/OAF_Pleasant_surprise/OAF_rose_ps.wav
female_surprise,TESS,/Users/naokitakatani/Documents/datasets/TESS/YAF_pleasant_surprised/YAF_time_ps.wav
female_angry,TESS,/Users/naokitakatani/Documents/datasets/TESS/OAF_angry/OAF_food_angry.wav
male_angry,CREMA,/Users/naokitakatani/Documents/datasets/CREMA-D/1087_IWL_ANG_XX.wav
female_sad,TESS,/Users/naokitakatani/Documents/datasets/TESS/OAF_Sad/OAF_raise_sad.wav
male_fear,SAVEE,/Users/naokitakatani/Documents/datasets/SAVEE/DC_f15.wav
female_fear,RAVDESS,/Users/naokitakatani/Documents/datasets/RAVDESS/Actor_22/03-01-06-02-02-01-22.wav
female_surprise,TESS,/Users/naokitakatani/Documents/datasets/TESS/YAF_pleasant_surprised/YAF_goal_ps.wav
male_fear,CREMA,/Users/naokitakatani/Documents/datasets/CREMA-D/1001_IWW_FEA_XX.wav
female_angry,TESS,/Users/naokitakatani/Documents/datasets/TESS/OAF_angry/OAF_name_angry.wav
male_sad,RAVDESS,/Users/naokitakatani/Documents/datasets/RAVDESS/Actor_21/03-01-04-02-01-02-21.wav
male_happy,CREMA,/Users/naokitakatani/Documents/datasets/CREMA-D/1011_TAI_HAP_XX.wav
male_happy,CREMA,/Users/naokitakatani/Documents/datasets/CREMA-D/1015_MTI_HAP_XX.wav
female_neutral,CREMA,/Users/naokitakatani/Documents/datasets/CREMA-D/1072_DFA_NEU_XX.wav
male_neutral,RAVDESS,/Users/naokitakatani/Documents/datasets/RAVDESS/Actor_19/03-01-02-02-02-01-19.wav
female_fear,CREMA,/Users/naokitakatani/Documents/datasets/CREMA-D/1008_IOM_FEA_XX.wav
male_angry,CREMA,/Users/naokitakatani/Documents/datasets/CREMA-D/1087_TIE_ANG_XX.wav
male_happy,CREMA,/Users/naokitakatani/Documents/datasets/CREMA-D/1005_IWL_HAP_XX.wav
female_disgust,RAVDESS,/Users/naokitakatani/Documents/datasets/RAVDESS/Actor_04/03-01-07-02-01-02-04.wav
female_sad,CREMA,/Users/naokitakatani/Documents/datasets/CREMA-D/1037_MTI_SAD_XX.wav
male_happy,CREMA,/Users/naokitakatani/Documents/datasets/CREMA-D/1067_IOM_HAP_XX.wav
female_neutral,TESS,/Users/naokitakatani/Documents/datasets/TESS/YAF_neutral/YAF_vine_neutral.wav
male_sad,CREMA,/Users/naokitakatani/Documents/datasets/CREMA-D/1033_ITH_SAD_XX.wav
male_fear,CREMA,/Users/naokitakatani/Documents/datasets/CREMA-D/1064_IEO_FEA_MD.wav
female_neutral,TESS,/Users/naokitakatani/Documents/datasets/TESS/YAF_neutral/YAF_time_neutral.wav
female_surprise,TESS,/Users/naokitakatani/Documents/datasets/TESS/OAF_Pleasant_surprise/OAF_join_ps.wav
female_sad,CREMA,/Users/naokitakatani/Documents/datasets/CREMA-D/1075_TIE_SAD_XX.wav
female_surprise,TESS,/Users/naokitakatani/Documents/datasets/TESS/OAF_Pleasant_surprise/OAF_lean_ps.wav
female_disgust,TESS,/Users/naokitakatani/Documents/datasets/TESS/OAF_disgust/OAF_rose_disgust.wav
male_happy,CREMA,/Users/naokitakatani/Documents/datasets/CREMA-D/1071_IWL_HAP_XX.wav
female_angry,TESS,/Users/naokitakatani/Documents/datasets/TESS/YAF_angry/YAF_hash_angry.wav
female_surprise,TESS,/Users/naokitakatani/Documents/datasets/TESS/YAF_pleasant_surprised/YAF_tape_ps.wav
female_surprise,TESS,/Users/naokitakatani/Documents/datasets/TESS/OAF_Pleasant_surprise/OAF_pad_ps.wav
female_angry,TESS,/Users/naokitakatani/Documents/datasets/TESS/OAF_angry/OAF_road_angry.wav
female_angry,CREMA,/Users/naokitakatani/Documents/datasets/CREMA-D/1043_DFA_ANG_XX.wav
male_neutral,CREMA,/Users/naokitakatani/Documents/datasets/CREMA-D/1019_MTI_NEU_XX.wav
male_disgust,CREMA,/Users/naokitakatani/Documents/datasets/CREMA-D/1014_MTI_DIS_XX.wav
male_neutral,CREMA,/Users/naokitakatani/Documents/datasets/CREMA-D/1040_TIE_NEU_XX.wav
female_neutral,CREMA,/Users/naokitakatani/Documents/datasets/CREMA-D/1084_IWL_NEU_XX.wav
female_sad,TESS,/Users/naokitakatani/Documents/datasets/TESS/OAF_Sad/OAF_keen_sad.wav
male_sad,CREMA,/Users/naokitakatani/Documents/datasets/CREMA-D/1065_DFA_SAD_XX.wav
female_disgust,TESS,/Users/naokitakatani/Documents/datasets/TESS/OAF_disgust/OAF_bone_disgust.wav
male_disgust,CREMA,/Users/naokitakatani/Documents/datasets/CREMA-D/1034_TIE_DIS_XX.wav
male_disgust,CREMA,/Users/naokitakatani/Documents/datasets/CREMA-D/1048_TSI_DIS_XX.wav
female_fear,RAVDESS,/Users/naokitakatani/Documents/datasets/RAVDESS/Actor_02/03-01-06-01-01-02-02.wav
female_sad,CREMA,/Users/naokitakatani/Documents/datasets/CREMA-D/1075_IWL_SAD_XX.wav
male_sad,CREMA,/Users/naokitakatani/Documents/datasets/CREMA-D/1067_TSI_SAD_XX.wav
female_angry,TESS,/Users/naokitakatani/Documents/datasets/TESS/YAF_angry/YAF_door_angry.wav
female_fear,TESS,/Users/naokitakatani/Documents/datasets/TESS/YAF_fear/YAF_lot_fear.wav
female_fear,TESS,/Users/naokitakatani/Documents/datasets/TESS/YAF_fear/YAF_ditch_fear.wav
male_neutral,CREMA,/Users/naokitakatani/Documents/datasets/CREMA-D/1011_TAI_NEU_XX.wav
female_happy,CREMA,/Users/naokitakatani/Documents/datasets/CREMA-D/1061_TAI_HAP_XX.wav
male_sad,CREMA,/Users/naokitakatani/Documents/datasets/CREMA-D/1059_IWL_SAD_XX.wav
female_angry,CREMA,/Users/naokitakatani/Documents/datasets/CREMA-D/1072_TIE_ANG_XX.wav
female_angry,CREMA,/Users/naokitakatani/Documents/datasets/CREMA-D/1056_IWW_ANG_XX.wav
female_happy,TESS,/Users/naokitakatani/Documents/datasets/TESS/YAF_happy/YAF_dime_happy.wav
female_angry,CREMA,/Users/naokitakatani/Documents/datasets/CREMA-D/1008_TSI_ANG_XX.wav
female_neutral,TESS,/Users/naokitakatani/Documents/datasets/TESS/YAF_neutral/YAF_lean_neutral.wav
male_fear,CREMA,/Users/naokitakatani/Documents/datasets/CREMA-D/1090_IOM_FEA_XX.wav
female_neutral,TESS,/Users/naokitakatani/Documents/datasets/TESS/OAF_neutral/OAF_sell_neutral.wav
male_neutral,CREMA,/Users/naokitakatani/Documents/datasets/CREMA-D/1027_IWW_NEU_XX.wav
female_disgust,TESS,/Users/naokitakatani/Documents/datasets/TESS/OAF_disgust/OAF_should_disgust.wav
female_sad,CREMA,/Users/naokitakatani/Documents/datasets/CREMA-D/1074_ITH_SAD_XX.wav
male_happy,CREMA,/Users/naokitakatani/Documents/datasets/CREMA-D/1085_TSI_HAP_XX.wav
female_disgust,CREMA,/Users/naokitakatani/Documents/datasets/CREMA-D/1037_IEO_DIS_LO.wav
female_neutral,CREMA,/Users/naokitakatani/Documents/datasets/CREMA-D/1013_TAI_NEU_XX.wav
male_happy,CREMA,/Users/naokitakatani/Documents/datasets/CREMA-D/1042_ITS_HAP_XX.wav
female_fear,CREMA,/Users/naokitakatani/Documents/datasets/CREMA-D/1024_IWW_FEA_XX.wav
male_angry,CREMA,/Users/naokitakatani/Documents/datasets/CREMA-D/1016_TIE_ANG_XX.wav
male_fear,CREMA,/Users/naokitakatani/Documents/datasets/CREMA-D/1069_WSI_FEA_XX.wav
female_sad,TESS,/Users/naokitakatani/Documents/datasets/TESS/OAF_Sad/OAF_hash_sad.wav
female_disgust,CREMA,/Users/naokitakatani/Documents/datasets/CREMA-D/1082_IEO_DIS_HI.wav
male_disgust,SAVEE,/Users/naokitakatani/Documents/datasets/SAVEE/DC_d15.wav
female_disgust,TESS,/Users/naokitakatani/Documents/datasets/TESS/OAF_disgust/OAF_which_disgust.wav
female_angry,CREMA,/Users/naokitakatani/Documents/datasets/CREMA-D/1073_WSI_ANG_XX.wav
male_disgust,CREMA,/Users/naokitakatani/Documents/datasets/CREMA-D/1031_TAI_DIS_XX.wav
male_happy,RAVDESS,/Users/naokitakatani/Documents/datasets/RAVDESS/Actor_11/03-01-03-01-01-02-11.wav
female_happy,CREMA,/Users/naokitakatani/Documents/datasets/CREMA-D/1043_IEO_HAP_MD.wav
male_angry,CREMA,/Users/naokitakatani/Documents/datasets/CREMA-D/1042_ITH_ANG_XX.wav
male_disgust,SAVEE,/Users/naokitakatani/Documents/datasets/SAVEE/JK_d08.wav
female_fear,CREMA,/Users/naokitakatani/Documents/datasets/CREMA-D/1063_DFA_FEA_XX.wav
female_fear,TESS,/Users/naokitakatani/Documents/datasets/TESS/OAF_Fear/OAF_burn_fear.wav
male_surprise,RAVDESS,/Users/naokitakatani/Documents/datasets/RAVDESS/Actor_09/03-01-08-01-02-01-09.wav
female_neutral,CREMA,/Users/naokitakatani/Documents/datasets/CREMA-D/1049_IOM_NEU_XX.wav
male_neutral,CREMA,/Users/naokitakatani/Documents/datasets/CREMA-D/1087_TSI_NEU_XX.wav
female_fear,CREMA,/Users/naokitakatani/Documents/datasets/CREMA-D/1084_DFA_FEA_XX.wav
male_disgust,CREMA,/Users/naokitakatani/Documents/datasets/CREMA-D/1083_ITS_DIS_XX.wav
female_sad,TESS,/Users/naokitakatani/Documents/datasets/TESS/OAF_Sad/OAF_witch_sad.wav
female_sad,RAVDESS,/Users/naokitakatani/Documents/datasets/RAVDESS/Actor_14/03-01-04-01-01-01-14.wav
female_surprise,RAVDESS,/Users/naokitakatani/Documents/datasets/RAVDESS/Actor_24/03-01-08-02-01-01-24.wav
male_angry,CREMA,/Users/naokitakatani/Documents/datasets/CREMA-D/1032_TAI_ANG_XX.wav
male_disgust,CREMA,/Users/naokitakatani/Documents/datasets/CREMA-D/1059_IEO_DIS_LO.wav
male_fear,RAVDESS,/Users/naokitakatani/Documents/datasets/RAVDESS/Actor_17/03-01-06-01-01-02-17.wav
male_happy,CREMA,/Users/naokitakatani/Documents/datasets/CREMA-D/1057_IEO_HAP_LO.wav
male_fear,CREMA,/Users/naokitakatani/Documents/datasets/CREMA-D/1027_MTI_FEA_XX.wav
male_disgust,CREMA,/Users/naokitakatani/Documents/datasets/CREMA-D/1090_IOM_DIS_XX.wav
female_sad,TESS,/Users/naokitakatani/Documents/datasets/TESS/YAF_sad/YAF_pass_sad.wav
male_disgust,CREMA,/Users/naokitakatani/Documents/datasets/CREMA-D/1014_TSI_DIS_XX.wav
female_fear,TESS,/Users/naokitakatani/Documents/datasets/TESS/YAF_fear/YAF_voice_fear.wav
female_fear,TESS,/Users/naokitakatani/Documents/datasets/TESS/OAF_Fear/OAF_dab_fear.wav
female_neutral,CREMA,/Users/naokitakatani/Documents/datasets/CREMA-D/1003_TAI_NEU_XX.wav
male_sad,CREMA,/Users/naokitakatani/Documents/datasets/CREMA-D/1022_DFA_SAD_XX.wav
male_disgust,CREMA,/Users/naokitakatani/Documents/datasets/CREMA-D/1057_TIE_DIS_XX.wav
female_angry,CREMA,/Users/naokitakatani/Documents/datasets/CREMA-D/1089_IEO_ANG_LO.wav
male_sad,CREMA,/Users/naokitakatani/Documents/datasets/CREMA-D/1044_IEO_SAD_LO.wav
male_sad,CREMA,/Users/naokitakatani/Documents/datasets/CREMA-D/1064_IOM_SAD_XX.wav
female_sad,TESS,/Users/naokitakatani/Documents/datasets/TESS/YAF_sad/YAF_sub_sad.wav
male_disgust,CREMA,/Users/naokitakatani/Documents/datasets/CREMA-D/1066_IWW_DIS_XX.wav
female_angry,TESS,/Users/naokitakatani/Documents/datasets/TESS/OAF_angry/OAF_rot_angry.wav
female_sad,TESS,/Users/naokitakatani/Documents/datasets/TESS/YAF_sad/YAF_haze_sad.wav
male_angry,RAVDESS,/Users/naokitakatani/Documents/datasets/RAVDESS/Actor_01/03-01-05-01-02-02-01.wav
female_surprise,TESS,/Users/naokitakatani/Documents/datasets/TESS/OAF_Pleasant_surprise/OAF_get_ps.wav
male_neutral,RAVDESS,/Users/naokitakatani/Documents/datasets/RAVDESS/Actor_07/03-01-01-01-02-02-07.wav
male_sad,RAVDESS,/Users/naokitakatani/Documents/datasets/RAVDESS/Actor_01/03-01-04-01-01-02-01.wav
female_happy,TESS,/Users/naokitakatani/Documents/datasets/TESS/YAF_happy/YAF_tape_happy.wav
female_surprise,TESS,/Users/naokitakatani/Documents/datasets/TESS/YAF_pleasant_surprised/YAF_soap_ps.wav
female_happy,CREMA,/Users/naokitakatani/Documents/datasets/CREMA-D/1018_WSI_HAP_XX.wav
male_disgust,CREMA,/Users/naokitakatani/Documents/datasets/CREMA-D/1023_DFA_DIS_XX.wav
male_angry,SAVEE,/Users/naokitakatani/Documents/datasets/SAVEE/JK_a13.wav
female_angry,CREMA,/Users/naokitakatani/Documents/datasets/CREMA-D/1030_TAI_ANG_XX.wav
female_disgust,CREMA,/Users/naokitakatani/Documents/datasets/CREMA-D/1060_IOM_DIS_XX.wav
male_happy,CREMA,/Users/naokitakatani/Documents/datasets/CREMA-D/1017_WSI_HAP_XX.wav
female_fear,RAVDESS,/Users/naokitakatani/Documents/datasets/RAVDESS/Actor_16/03-01-06-01-01-01-16.wav
male_happy,RAVDESS,/Users/naokitakatani/Documents/datasets/RAVDESS/Actor_01/03-01-03-02-01-01-01.wav
female_fear,CREMA,/Users/naokitakatani/Documents/datasets/CREMA-D/1010_IWW_FEA_XX.wav
female_neutral,CREMA,/Users/naokitakatani/Documents/datasets/CREMA-D/1075_TIE_NEU_XX.wav
male_neutral,RAVDESS,/Users/naokitakatani/Documents/datasets/RAVDESS/Actor_11/03-01-02-01-01-02-11.wav
male_happy,CREMA,/Users/naokitakatani/Documents/datasets/CREMA-D/1064_MTI_HAP_XX.wav
female_angry,CREMA,/Users/naokitakatani/Documents/datasets/CREMA-D/1010_IWL_ANG_XX.wav
female_happy,TESS,/Users/naokitakatani/Documents/datasets/TESS/OAF_happy/OAF_near_happy.wav
male_angry,CREMA,/Users/naokitakatani/Documents/datasets/CREMA-D/1066_MTI_ANG_XX.wav
male_fear,CREMA,/Users/naokitakatani/Documents/datasets/CREMA-D/1077_DFA_FEA_XX.wav
male_neutral,CREMA,/Users/naokitakatani/Documents/datasets/CREMA-D/1080_WSI_NEU_XX.wav
male_fear,CREMA,/Users/naokitakatani/Documents/datasets/CREMA-D/1087_IOM_FEA_XX.wav
female_sad,CREMA,/Users/naokitakatani/Documents/datasets/CREMA-D/1008_TIE_SAD_XX.wav
female_fear,CREMA,/Users/naokitakatani/Documents/datasets/CREMA-D/1010_ITH_FEA_XX.wav
male_angry,CREMA,/Users/naokitakatani/Documents/datasets/CREMA-D/1085_IEO_ANG_HI.wav
male_disgust,CREMA,/Users/naokitakatani/Documents/datasets/CREMA-D/1033_IOM_DIS_XX.wav
female_neutral,CREMA,/Users/naokitakatani/Documents/datasets/CREMA-D/1082_IWW_NEU_XX.wav
female_neutral,TESS,/Users/naokitakatani/Documents/datasets/TESS/OAF_neutral/OAF_shack_neutral.wav
male_angry,CREMA,/Users/naokitakatani/Documents/datasets/CREMA-D/1064_MTI_ANG_XX.wav
female_surprise,RAVDESS,/Users/naokitakatani/Documents/datasets/RAVDESS/Actor_12/03-01-08-01-02-02-12.wav
male_sad,CREMA,/Users/naokitakatani/Documents/datasets/CREMA-D/1040_IEO_SAD_HI.wav
female_fear,TESS,/Users/naokitakatani/Documents/datasets/TESS/YAF_fear/YAF_pearl_fear.wav
female_happy,RAVDESS,/Users/naokitakatani/Documents/datasets/RAVDESS/Actor_18/03-01-03-01-02-02-18.wav
female_surprise,TESS,/Users/naokitakatani/Documents/datasets/TESS/YAF_pleasant_surprised/YAF_sheep_ps.wav
male_disgust,CREMA,/Users/naokitakatani/Documents/datasets/CREMA-D/1065_IEO_DIS_HI.wav
female_neutral,TESS,/Users/naokitakatani/Documents/datasets/TESS/YAF_neutral/YAF_kite_neutral.wav
male_fear,CREMA,/Users/naokitakatani/Documents/datasets/CREMA-D/1081_IEO_FEA_LO.wav
male_disgust,CREMA,/Users/naokitakatani/Documents/datasets/CREMA-D/1011_DFA_DIS_XX.wav
male_angry,RAVDESS,/Users/naokitakatani/Documents/datasets/RAVDESS/Actor_13/03-01-05-01-02-02-13.wav
male_fear,CREMA,/Users/naokitakatani/Documents/datasets/CREMA-D/1057_TIE_FEA_XX.wav
female_angry,CREMA,/Users/naokitakatani/Documents/datasets/CREMA-D/1091_DFA_ANG_XX.wav
male_happy,CREMA,/Users/naokitakatani/Documents/datasets/CREMA-D/1080_ITH_HAP_XX.wav
female_happy,CREMA,/Users/naokitakatani/Documents/datasets/CREMA-D/1058_MTI_HAP_XX.wav
female_fear,TESS,/Users/naokitakatani/Documents/datasets/TESS/YAF_fear/YAF_juice_fear.wav
male_angry,CREMA,/Users/naokitakatani/Documents/datasets/CREMA-D/1068_ITH_ANG_XX.wav
male_surprise,RAVDESS,/Users/naokitakatani/Documents/datasets/RAVDESS/Actor_13/03-01-08-02-01-01-13.wav
male_sad,CREMA,/Users/naokitakatani/Documents/datasets/CREMA-D/1027_TSI_SAD_XX.wav
female_fear,TESS,/Users/naokitakatani/Documents/datasets/TESS/OAF_Fear/OAF_jug_fear.wav
female_disgust,CREMA,/Users/naokitakatani/Documents/datasets/CREMA-D/1012_IOM_DIS_XX.wav
female_neutral,RAVDESS,/Users/naokitakatani/Documents/datasets/RAVDESS/Actor_12/03-01-01-01-02-01-12.wav
male_fear,CREMA,/Users/naokitakatani/Documents/datasets/CREMA-D/1068_TIE_FEA_XX.wav
female_fear,TESS,/Users/naokitakatani/Documents/datasets/TESS/OAF_Fear/OAF_road_fear.wav
male_happy,CREMA,/Users/naokitakatani/Documents/datasets/CREMA-D/1035_WSI_HAP_XX.wav
male_happy,CREMA,/Users/naokitakatani/Documents/datasets/CREMA-D/1080_IWL_HAP_XX.wav
male_sad,CREMA,/Users/naokitakatani/Documents/datasets/CREMA-D/1067_DFA_SAD_XX.wav
female_angry,TESS,/Users/naokitakatani/Documents/datasets/TESS/OAF_angry/OAF_lot_angry.wav
female_sad,TESS,/Users/naokitakatani/Documents/datasets/TESS/YAF_sad/YAF_keen_sad.wav
female_neutral,CREMA,/Users/naokitakatani/Documents/datasets/CREMA-D/1063_ITH_NEU_XX.wav
male_surprise,RAVDESS,/Users/naokitakatani/Documents/datasets/RAVDESS/Actor_15/03-01-08-01-02-01-15.wav
female_happy,CREMA,/Users/naokitakatani/Documents/datasets/CREMA-D/1029_IWL_HAP_XX.wav
male_neutral,CREMA,/Users/naokitakatani/Documents/datasets/CREMA-D/1033_ITH_NEU_XX.wav
male_angry,CREMA,/Users/naokitakatani/Documents/datasets/CREMA-D/1086_TIE_ANG_XX.wav
